Unnamed: 0,node_id,occurrence
174163,12552000060011,54.16
174164,12552000060021,59.28
174165,12552000060031,42.56
174166,12552000060041,47.0
174167,12552000060051,47.32
174168,12552000060061,43.24
174169,12552000060071,4.8
174170,12552000060081,7.4
174171,12552000060091,4.04
174172,12552000060101,13.76
174173,12552000060111,3.72
174174,12552000060121,32.16
174175,12552000060131,59.84
174176,12552000060141,51.92
174177,12552000060151,37.0
174178,12552000060161,19.8
174179,12552000060171,12.04
174180,12552000060181,3.84
174181,12552000060191,2.16
174182,12552000060201,0.72
174183,12552000060211,4.64
174184,12552000060221,43.52
174185,12552000060231,34.56
174186,12552000060241,28.08
174187,12552000060251,17.08
174188,12552000060261,15.16
174189,12552000060271,4.2
174190,12552000060281,7.64
174191,12552000060291,7.96
174192,12552000060301,4.56
174193,12552000060311,24.04
174194,12552000060321,23.2
174195,12552000060331,13.04
174196,12552000060341,23.48
174197,12552000060351,24.88
174198,12552000060361,24.04
174199,12552000060371,15.36
174200,12552000060381,39.96
174201,12552000060391,30.48
174202,12552000060401,28.28
174203,12552000060411,43.08
174204,12552000060421,66.88
174205,12552000060431,62.44
174206,12552000060441,45.96
174207,12552000060451,33.28
174208,12552000060461,38.2
174209,12552000060471,30.72
174210,12552000060481,28.2
174211,12552000060491,28.0
174212,12552000060501,15.68
174213,12552000060511,7.28
174214,12552000060521,33.24
174215,12552000060531,3.84
174216,12552000060541,0.6
174217,12552000060551,0.0
174218,12552000060561,2.48
174219,12552000060571,1.52
174220,12552000060581,0.56
174221,12552000060591,12.56
174222,12552000060601,12.68
174223,12552000060611,11.52
174224,12552000060621,7.64
174225,12552000060631,9.72
174226,12552000060641,30.84
174227,12552000060651,26.08
174228,12552000060661,29.08
174229,12552000060671,28.0
174230,12552000060681,18.6
174231,12552000060691,6.24
174232,12552000060701,30.72
174233,12552000060711,24.76
174234,12552000060721,7.92
174235,12552000060731,10.08
174236,12552000060741,5.56
174237,12552000060751,7.88
174238,12552000060761,1.4
174239,12552000060771,5.48
174240,12552000060781,0.0
174241,12552000060791,2.48
174242,12552000060801,12.24
174243,12552000060811,11.56
174244,12552000060821,4.72
174245,12552000060831,2.64
174246,12552000060841,17.76
174247,12552000060851,23.0
174248,12552000060861,29.84
174249,12552000060871,18.96
174250,12552000060881,20.28
174251,12552000060891,18.96
174252,12552000060901,22.76
174253,12552000060911,27.48
174254,12552000060921,10.52
174255,12552000060931,1.72
174256,12552000060941,17.68
174257,12552000060951,14.32
174258,12552000060961,28.4
176545,12552000760011,0.68
176546,12552000760021,12.76
176547,12552000760031,31.24
176548,12552000760041,57.4
176549,12552000760051,25.0
176550,12552000760061,27.36
176551,12552000760071,22.36
176552,12552000760081,9.96
176553,12552000760091,13.88
176554,12552000760101,7.72
176555,12552000760111,8.88
176556,12552000760121,25.88
176557,12552000760131,27.08
176558,12552000760141,16.16
176559,12552000760151,3.44
176560,12552000760161,0.0
176561,12552000760171,15.8
176562,12552000760181,18.2
176563,12552000760191,42.08
176564,12552000760201,23.96
176565,12552000760211,21.44
176566,12552000760221,32.28
176567,12552000760231,7.68
176568,12552000760241,12.76
176569,12552000760251,3.44
176570,12552000760261,8.4
176571,12552000760271,5.2
176572,12552000760281,14.56
176573,12552000760291,14.12
176574,12552000760301,0.48
176575,12552000760311,4.08
176576,12552000760321,0.36
176577,12552000760331,24.68
176578,12552000760341,25.36
176579,12552000760351,24.52
176580,12552000760361,5.64
176581,12552000760371,14.36
176582,12552000760381,9.56
176583,12552000760391,11.84
176584,12552000760401,6.68
176585,12552000760411,0.0
176586,12552000760421,0.2
176587,12552000760431,5.8
176588,12552000760441,13.44
176589,12552000760451,9.12
176590,12552000760461,17.88
176591,12552000760471,14.8
176592,12552000760481,16.28
176593,12552000760491,26.44
176594,12552000760501,29.24
176595,12552000760511,14.92
176596,12552000760521,11.28
176597,12552000760531,4.76
176598,12552000760541,8.84
176599,12552000760551,2.56
176600,12552000760561,20.04
176601,12552000760571,7.0
176602,12552000760581,2.68
176603,12552000760591,19.56
176604,12552000760601,7.0
176605,12552000760611,7.68
176606,12552000760621,6.8
176607,12552000760631,1.88
176608,12552000760641,6.24
176609,12552000760651,7.72
176610,12552000760661,25.04
176611,12552000760671,15.6
176612,12552000760681,22.6
176613,12552000760691,11.28
176614,12552000760701,25.04
176615,12552000760711,28.84
176616,12552000760721,31.08
176617,12552000760731,22.0
176618,12552000760741,17.64
176619,12552000760751,0.84
176620,12552000760761,0.0
176621,12552000760771,4.56
176622,12552000760781,18.32
176623,12552000760791,21.92
176624,12552000760801,15.76
176625,12552000760811,11.48
176626,12552000760821,12.08
176627,12552000760831,17.0
176628,12552000760841,8.88
176629,12552000760851,12.56
176630,12552000760861,24.84
176631,12552000760871,12.96
176632,12552000760881,24.4
176633,12552000760891,25.2
176634,12552000760901,7.64
176635,12552000760911,22.44
176636,12552000760921,9.36
176637,12552000760931,11.8
176638,12552000760941,1.0
176639,12552000760951,10.28
176640,12552000760961,14.6
176641,12552000760971,0.0
176642,12552000760981,6.8
176643,12552000760991,4.24
188488,12556100110011,0.0
188489,12556100110021,1.32
188490,12556100110031,0.56
188491,12556100110041,0.0
188492,12556100110051,1.12
188493,12556100110061,0.0
188494,12556100110071,0.0
188495,12556100110081,0.8
188496,12556100110091,0.16
188497,12556100110101,3.84
188498,12556100110111,4.28
188499,12556100110121,3.96
188500,12556100110131,2.44
188501,12556100110141,0.0
188502,12556100110151,5.8
188503,12556100110161,0.84
188504,12556100110171,0.0
188505,12556100110181,2.24
188506,12556100110191,0.0
188507,12556100110201,0.0
188508,12556100110211,0.0
188509,12556100110221,0.36
188510,12556100110231,0.44
188511,12556100110241,1.16
188512,12556100110251,0.48
188513,12556100110261,0.0
188514,12556100110271,9.48
188515,12556100110281,4.72
188516,12556100110291,3.64
188517,12556100110301,3.92
188518,12556100110311,0.0
188519,12556100110321,0.0
188520,12556100110331,3.76
188521,12556100110341,2.72
188522,12556100110351,7.16
188523,12556100110361,1.6
188524,12556100110371,2.48
188525,12556100110381,8.24
188526,12556100110391,19.76
188527,12556100110401,13.48
188528,12556100110411,0.0
188529,12556100110421,7.32
188530,12556100110431,1.52
188531,12556100110441,0.32
188532,12556100110451,0.0
188533,12556100110461,0.0
188534,12556100110471,0.0
188535,12556100110481,0.36
188536,12556100110491,0.28
188537,12556100110501,3.12
188538,12556100110511,5.2
188539,12556100110521,2.36
188540,12556100110531,3.4
188541,12556100110541,1.36
188542,12556100110551,1.32
188543,12556100110561,0.0
188544,12556100110571,0.0
188545,12556100110581,1.92
188546,12556100110591,0.0
188547,12556100110601,0.0
188548,12556100110611,0.0
188549,12556100110621,0.0
188550,12556100110631,1.56
188551,12556100110641,1.36
188552,12556100110651,0.8
188553,12556100110661,0.0
188554,12556100110671,2.12
188555,12556100110681,1.4
188556,12556100110691,0.0
188557,12556100110701,0.0
188558,12556100110711,0.96
188559,12556100110721,0.0
188560,12556100110731,1.6
188561,12556100110741,2.2
188562,12556100110751,0.0
188563,12556100110761,0.0
188564,12556100110771,0.0
188565,12556100110781,1.12
188566,12556100110791,0.0
188567,12556100110801,2.52
188568,12556100110811,3.56
188569,12556100110821,1.96
188570,12556100110831,0.72
188571,12556100110841,0.48
188572,12556100110851,2.08
188573,12556100110861,6.6
188574,12556100110871,7.52
188575,12556100110881,0.8
188576,12556100110891,0.96
207131,12780700510011,0.0
207132,12780700510021,0.0
207133,12780700510031,0.0
207134,12780700510041,0.0
207135,12780700510051,0.0
207136,12780700510061,0.0
207137,12780700510071,0.0
207138,12780700510081,0.0
207139,12780700510091,0.0
207140,12780700510101,1.0
207141,12780700510111,0.6
207142,12780700510121,3.0
207143,12780700510131,2.04
207144,12780700510141,0.0
207145,12780700510151,2.24
207146,12780700510161,0.68
207147,12780700510171,3.4
207148,12780700510181,6.28
207149,12780700510191,24.96
207150,12780700510201,23.92
207151,12780700510211,26.8
207152,12780700510221,7.56
207153,12780700510231,5.88
207154,12780700510241,13.68
207155,12780700510251,3.76
207156,12780700510261,1.6
207157,12780700510271,0.0
207158,12780700510281,0.0
207159,12780700510291,1.96
207160,12780700510301,14.28
207161,12780700510311,38.44
207162,12780700510321,42.96
207163,12780700510331,24.96
207164,12780700510341,24.04
207165,12780700510351,36.4
207166,12780700510361,35.16
207167,12780700510371,44.0
207168,12780700510381,35.16
207169,12780700510391,24.2
207170,12780700510401,16.24
207171,12780700510411,19.04
207172,12780700510421,12.84
207173,12780700510431,28.64
207174,12780700510441,38.96
207175,12780700510451,14.8
207176,12780700510461,2.24
207177,12780700510471,17.08
207178,12780700510481,15.76
207179,12780700510491,11.88
207180,12780700510501,1.88
207181,12780700510511,3.16
207182,12780700510521,10.6
207183,12780700510531,7.12
207184,12780700510541,7.36
207185,12780700510551,6.6
207186,12780700510561,12.32
207187,12780700510571,13.52
207188,12780700510581,14.84
207189,12780700510591,9.96
207190,12780700510601,8.44
207191,12780700510611,12.76
207192,12780700510621,18.76
207193,12780700510631,3.48
207194,12780700510641,2.44
207195,12780700510651,6.8
207196,12780700510661,5.12
207197,12780700510671,7.88
207198,12780700510681,11.44
207199,12780700510691,16.4
207200,12780700510701,5.12
207201,12780700510711,5.52
207202,12780700510721,4.68
207203,12780700510731,7.08
207204,12780700510741,2.48
207205,12780700510751,0.0
207206,12780700510761,0.0
207207,12780700510771,3.04
207208,12780700510781,4.32
207209,12780700510791,16.48
207210,12780700510801,25.48
207211,12780700510811,34.12
207212,12780700510821,39.68
207213,12780700510831,40.28
207214,12780700510841,20.12
207215,12780700510851,16.56
207216,12780700510861,20.2
207217,12780700510871,19.2
207218,12780700510881,1.6
207219,12780700510891,20.2
207220,12780700510901,10.56
207221,12780700510911,7.2
207222,12780700510921,15.44
207223,12780700510931,1.64
207224,12780700510941,6.64
207225,12780700510951,9.8
207226,12780700510961,13.68
207227,12780700510971,30.68
226428,12999000150011,6.88
226429,12999000150021,1.88
226430,12999000150031,2.56
226431,12999000150041,0.0
226432,12999000150051,0.12
226433,12999000150061,0.0
226434,12999000150071,0.0
226435,12999000150081,0.0
226436,12999000150091,0.0
226437,12999000150101,2.84
226438,12999000150111,2.6
226439,12999000150121,5.88
226440,12999000150131,0.08
226441,12999000150141,0.32
226442,12999000150151,7.92
226443,12999000150161,1.88
226444,12999000150171,0.2
226445,12999000150181,0.64
226446,12999000150191,8.76
226447,12999000150201,14.0
226448,12999000150211,23.04
226449,12999000150221,5.96
226450,12999000150231,0.0
226451,12999000150241,8.44
226452,12999000150251,21.76
226453,12999000150261,11.32
226454,12999000150271,0.56
226455,12999000150281,0.0
226456,12999000150291,0.0
226457,12999000150301,1.8
226458,12999000150311,2.88
226459,12999000150321,0.0
226460,12999000150331,1.12
226461,12999000150341,0.08
226462,12999000150351,0.0
226463,12999000150361,12.24
226464,12999000150371,7.4
226465,12999000150381,1.88
226466,12999000150391,5.08
226467,12999000150401,24.28
226468,12999000150411,29.64
226469,12999000150421,16.76
226470,12999000150431,11.88
226471,12999000150441,4.0
226472,12999000150451,2.24
226473,12999000150461,9.04
226474,12999000150471,17.84
226475,12999000150481,24.28
226476,12999000150491,24.36
226477,12999000150501,22.68
226478,12999000150511,29.2
226479,12999000150521,10.68
226480,12999000150531,11.4
226481,12999000150541,8.52
226482,12999000150551,6.12
226483,12999000150561,5.52
226484,12999000150571,1.0
226485,12999000150581,0.16
226486,12999000150591,21.6
226487,12999000150601,15.72
226488,12999000150611,0.08
226489,12999000150621,9.36
226490,12999000150631,2.2
226491,12999000150641,4.4
226492,12999000150651,0.0
226493,12999000150661,0.88
226494,12999000150671,15.6
226495,12999000150681,9.72
226496,12999000150691,6.12
226497,12999000150701,21.32
226498,12999000150711,43.16
226499,12999000150721,21.64
226500,12999000150731,0.0
226501,12999000150741,15.28
226502,12999000150751,31.0
226503,12999000150761,23.2
226504,12999000150771,26.4
226505,12999000150781,29.8
226506,12999000150791,13.92
226507,12999000150801,3.56
226508,12999000150811,8.28
226509,12999000150821,10.92
226510,12999000150831,5.64
226511,12999000150841,41.48
226512,12999000150851,30.52
226513,12999000150861,20.36
226514,12999000150871,2.28
226515,12999000150881,5.08
226516,12999000150891,11.12
226517,12999000150901,11.92
243856,13187000080011,62.16
243857,13187000080021,74.6
243858,13187000080031,14.84
243859,13187000080041,5.88
243860,13187000080051,16.16
243861,13187000080061,20.2
243862,13187000080071,0.24
243863,13187000080081,15.2
243864,13187000080091,41.32
243865,13187000080101,16.72
243866,13187000080111,2.24
243867,13187000080121,6.08
243868,13187000080131,50.8
243869,13187000080141,48.16
243870,13187000080151,52.8
243871,13187000080161,81.8
243872,13187000080171,26.8
243873,13187000080181,17.96
243874,13187000080191,5.8
243875,13187000080201,15.92
243876,13187000080211,50.32
243877,13187000080221,25.48
243878,13187000080231,49.72
243879,13187000080241,56.68
243880,13187000080251,15.76
243881,13187000080261,42.32
243882,13187000080271,38.84
243883,13187000080281,23.68
243884,13187000080291,22.44
243885,13187000080301,54.4
243886,13187000080311,26.0
243887,13187000080321,9.96
243888,13187000080331,53.92
243889,13187000080341,70.52
243890,13187000080351,27.92
243891,13187000080361,32.0
243892,13187000080371,0.48
243893,13187000080381,65.32
243894,13187000080391,40.84
243895,13187000080401,26.0
243896,13187000080411,69.28
243897,13187000080421,76.64
243898,13187000080431,91.8
243899,13187000080441,65.72
243900,13187000080451,33.72
243901,13187000080461,23.76
243902,13187000080471,32.52
243903,13187000080481,25.52
243904,13187000080491,57.52
243905,13187000080501,63.52
243906,13187000080511,51.8
243907,13187000080521,48.88
243908,13187000080531,29.12
243909,13187000080541,11.44
243910,13187000080551,10.52
243911,13187000080561,28.88
243912,13187000080571,54.24
243913,13187000080581,71.56
243914,13187000080591,87.32
243915,13187000080601,86.16
243916,13187000080611,80.36
243917,13187000080621,54.96
243918,13187000080631,52.2
243919,13187000080641,35.0
243920,13187000080651,18.56
243921,13187000080661,29.44
243922,13187000080671,36.52
243923,13187000080681,45.68
243924,13187000080691,50.24
243925,13187000080701,68.48
243926,13187000080711,96.04
243927,13187000080721,79.08
243928,13187000080731,37.2
243929,13187000080741,14.16
243930,13187000080751,0.72
243931,13187000080761,35.44
243932,13187000080771,22.44
243933,13187000080781,25.48
243934,13187000080791,38.04
243935,13187000080801,77.4
243936,13187000080811,42.56
311661,13226600250011,8.16
311662,13226600250021,5.32
311663,13226600250031,2.28
311664,13226600250041,0.96
311665,13226600250051,3.08
311666,13226600250061,3.76
311667,13226600250071,14.32
311668,13226600250081,5.56
311669,13226600250091,3.0
311670,13226600250101,9.72
311671,13226600250111,26.56
311672,13226600250121,5.4
311673,13226600250131,0.0
311674,13226600250141,9.16
311675,13226600250151,6.0
311676,13226600250161,2.2
311677,13226600250171,6.84
311678,13226600250181,5.48
311679,13226600250191,11.96
311680,13226600250201,2.56
311681,13226600250211,5.56
311682,13226600250221,7.8
311683,13226600250231,9.8
311684,13226600250241,10.24
311685,13226600250251,8.92
311686,13226600250261,2.8
311687,13226600250271,2.76
311688,13226600250281,6.04
311689,13226600250291,5.72
311690,13226600250301,3.36
311691,13226600250311,5.32
311692,13226600250321,2.36
311693,13226600250331,7.6
311694,13226600250341,8.0
311695,13226600250351,6.48
311696,13226600250361,9.2
311697,13226600250371,1.16
311698,13226600250381,4.72
311699,13226600250391,0.0
311700,13226600250401,1.2
311701,13226600250411,3.6
311702,13226600250421,4.92
311703,13226600250431,1.64
311704,13226600250441,2.32
311705,13226600250451,5.96
311706,13226600250461,1.64
311707,13226600250471,5.44
311708,13226600250481,3.8
311709,13226600250491,2.92
311710,13226600250501,1.52
311711,13226600250511,4.28
311712,13226600250521,4.88
311713,13226600250531,0.0
311714,13226600250541,6.2
311715,13226600250551,3.56
311716,13226600250561,15.04
311717,13226600250571,2.96
311718,13226600250581,3.88
311719,13226600250591,1.76
311720,13226600250601,0.0
311721,13226600250611,5.72
311722,13226600250621,32.76
311723,13226600250631,10.0
311724,13226600250641,0.52
311725,13226600250651,1.96
311726,13226600250661,0.08
311727,13226600250671,2.8
311728,13226600250681,5.64
311729,13226600250691,2.36
311730,13226600250701,5.56
311731,13226600250711,8.12
311732,13226600250721,9.16
311733,13226600250731,8.56
311734,13226600250741,3.24
311735,13226600250751,5.28
311736,13226600250761,6.0
311737,13226600250771,5.76
311738,13226600250781,18.36
311739,13226600250791,10.2
311740,13226600250801,0.52
311741,13226600250811,0.64
311742,13226600250821,0.0
311743,13226600250831,0.56
311744,13226600250841,5.0
311745,13226600250851,0.6
311746,13226600250861,8.08
311747,13226600250871,1.8
311748,13226600250881,1.08
311749,13226600250891,4.84
311750,13226600250901,6.56
311751,13226600250911,17.92
311752,13226600250921,5.52
311753,13226600250931,7.0
311754,13226600250941,5.32
311755,13226600250951,5.32
311756,13226600250961,0.0
311757,13226600250971,2.72
311758,13226600250981,2.36
311759,13226600250991,5.16
564999,13362600080011,0.52
565000,13362600080021,3.96
565001,13362600080031,16.88
565002,13362600080041,5.32
565003,13362600080051,2.68
565004,13362600080061,7.4
565005,13362600080071,3.04
565006,13362600080081,0.0
565007,13362600080091,8.36
565008,13362600080101,1.72
565009,13362600080111,6.76
565010,13362600080121,0.0
565011,13362600080131,1.88
565012,13362600080141,1.6
565013,13362600080151,0.24
565014,13362600080161,5.08
565015,13362600080171,2.64
565016,13362600080181,0.48
565017,13362600080191,0.0
565018,13362600080201,1.0
565019,13362600080211,1.64
565020,13362600080221,1.56
565021,13362600080231,0.52
565022,13362600080241,0.0
565023,13362600080251,0.92
565024,13362600080261,0.64
565025,13362600080271,0.52
565026,13362600080281,0.96
565027,13362600080291,0.48
565028,13362600080301,0.44
565029,13362600080311,0.0
565030,13362600080321,0.12
565031,13362600080331,0.0
565032,13362600080341,0.0
565033,13362600080351,0.0
565034,13362600080361,0.0
565035,13362600080371,0.0
565036,13362600080381,0.0
565037,13362600080391,0.0
565038,13362600080401,0.0
565039,13362600080411,0.0
565040,13362600080421,0.0
565041,13362600080431,0.0
632866,14234200350011,1.24
632867,14234200350021,2.92
632868,14234200350031,4.08
632869,14234200350041,3.0
632870,14234200350051,2.36
632871,14234200350061,3.72
632872,14234200350071,5.6
632873,14234200350081,3.48
632874,14234200350091,2.08
632875,14234200350101,2.4
632876,14234200350111,1.92
632877,14234200350121,0.96
632878,14234200350131,3.72
632879,14234200350141,2.92
632880,14234200350151,4.6
632881,14234200350161,4.96
632882,14234200350171,3.4
632883,14234200350181,6.24
632884,14234200350191,6.16
632885,14234200350201,2.96
632886,14234200350211,0.6
632887,14234200350221,2.96
632888,14234200350231,0.76
632889,14234200350241,1.32
632890,14234200350251,1.04
632891,14234200350261,0.0
632892,14234200350271,0.0
632893,14234200350281,0.0
632894,14234200350291,1.56
632895,14234200350301,0.0
632896,14234200350311,1.24
632897,14234200350321,1.8
632898,14234200350331,1.32
632899,14234200350341,1.28
632900,14234200350351,1.04
632901,14234200350361,1.4
632902,14234200350371,1.08
632903,14234200350381,1.08
632904,14234200350391,1.12
632905,14234200350401,1.04
632906,14234200350411,0.0
632907,14234200350421,1.96
632908,14234200350431,1.0
632909,14234200350441,0.56
632910,14234200350451,2.56
632911,14234200350461,0.48
632912,14234200350471,1.84
632913,14234200350481,0.36
632914,14234200350491,0.44
632915,14234200350501,0.48
718802,14304200230011,0.0
718803,14304200230021,0.0
718804,14304200230031,0.0
718805,14304200230041,0.0
718806,14304200230051,0.0
718807,14304200230061,0.0
718808,14304200230071,0.0
718809,14304200230081,0.0
718810,14304200230091,0.0
718811,14304200230101,0.0
718812,14304200230111,0.0
718813,14304200230121,0.0
718814,14304200230131,0.0
718815,14304200230141,0.0
718816,14304200230151,0.0
718817,14304200230161,0.0
718818,14304200230171,0.0
718819,14304200230181,0.0
718820,14304200230191,0.0
718821,14304200230201,0.0
718822,14304200230211,0.0
718823,14304200230221,0.0
718824,14304200230231,0.0
718825,14304200230241,0.0
718826,14304200230251,0.0
718827,14304200230261,0.0
718828,14304200230271,0.0
718829,14304200230281,0.0
718830,14304200230291,0.0
718831,14304200230301,0.0
718832,14304200230311,0.0
718833,14304200230321,0.0
718834,14304200230331,0.0
718835,14304200230341,0.0
718836,14304200230351,0.0
718837,14304200230361,0.0
718838,14304200230371,0.0
718839,14304200230381,0.0
718840,14304200230391,0.0
718841,14304200230401,0.0
718842,14304200230411,0.0
718843,14304200230421,0.0
718844,14304200230431,0.0
718845,14304200230441,0.0
718846,14304200230451,0.0
718847,14304200230461,0.0
718848,14304200230471,0.0
718849,14304200230481,0.0
718850,14304200230491,0.0
718851,14304200230501,0.0
718852,14304200230511,0.0
718853,14304200230521,0.0
718854,14304200230531,0.0
718855,14304200230541,0.0
797864,14577400320011,2.36
797865,14577400320021,0.36
797866,14577400320031,0.0
797867,14577400320041,0.0
797868,14577400320051,0.0
797869,14577400320061,0.2
797870,14577400320071,0.0
797871,14577400320081,1.68
797872,14577400320091,2.2
797873,14577400320101,0.0
797874,14577400320111,0.0
797875,14577400320121,0.0
797876,14577400320131,0.24
797877,14577400320141,0.0
797878,14577400320151,0.0
797879,14577400320161,0.04
797880,14577400320171,0.0
797881,14577400320181,0.0
797882,14577400320191,1.84
797883,14577400320201,0.0
797884,14577400320211,12.48
797885,14577400320221,0.0
797886,14577400320231,0.28
797887,14577400320241,0.0
797888,14577400320251,
797889,14577400320261,0.12
797890,14577400320271,0.0
797891,14577400320281,0.0
797892,14577400320291,0.16
797893,14577400320301,0.0
797894,14577400320311,1.04
797895,14577400320321,2.76
797896,14577400320331,2.04
797897,14577400320341,3.0
797898,14577400320351,2.44
797899,14577400320361,10.72
797900,14577400320371,6.04
797901,14577400320381,3.88
797902,14577400320391,0.6
797903,14577400320401,2.2
797904,14577400320411,2.24
797905,14577400320421,4.96
797906,14577400320431,0.48
797907,14577400320441,10.8
797908,14577400320451,1.44
797909,14577400320461,4.6
797910,14577400320471,2.08
797911,14577400320481,1.32
797912,14577400320491,1.32
797913,14577400320501,1.24
797914,14577400320511,2.28
797915,14577400320521,1.52
797916,14577400320531,0.0
797917,14577400320541,1.04
797918,14577400320551,0.36
797919,14577400320561,2.12
797920,14577400320571,1.04
797921,14577400320581,1.04
797922,14577400320591,1.24
797923,14577400320601,22.68
797924,14577400320611,19.0
797925,14577400320621,3.56
797926,14577400320631,0.52
797927,14577400320641,1.56
797928,14577400320651,4.04
797929,14577400320661,3.28
797930,14577400320671,1.24
797931,14577400320681,11.96
797932,14577400320691,3.84
797933,14577400320701,5.96
797934,14577400320711,10.32
797935,14577400320721,6.72
797936,14577400320731,6.56
797937,14577400320741,3.16
830461,14670000060011,73.84
830462,14670000060021,57.68
830463,14670000060031,46.28
830464,14670000060041,68.44
830465,14670000060051,75.88
830466,14670000060061,76.68
830467,14670000060071,77.28
830468,14670000060081,77.32
830469,14670000060091,78.36
830470,14670000060101,78.32
830471,14670000060111,77.2
830472,14670000060121,75.64
830473,14670000060131,74.32
830474,14670000060141,72.6
830475,14670000060151,70.72
830476,14670000060161,69.84
830477,14670000060171,70.92
830478,14670000060181,75.36
830479,14670000060191,78.44
830480,14670000060201,79.56
830481,14670000060211,81.72
830482,14670000060221,81.72
830483,14670000060231,82.0
830484,14670000060241,82.8
830485,14670000060251,81.56
830486,14670000060261,81.24
830487,14670000060271,80.12
830488,14670000060281,79.0
830489,14670000060291,78.32
830490,14670000060301,77.08
830491,14670000060311,72.96
830492,14670000060321,63.76
830493,14670000060331,69.72
830494,14670000060341,74.16
830495,14670000060351,78.04
830496,14670000060361,65.92
830497,14670000060371,79.68
830498,14670000060381,81.28
830499,14670000060391,81.44
830500,14670000060401,82.8
830501,14670000060411,72.88
830502,14670000060421,66.84
830503,14670000060431,25.24
830504,14670000060441,71.08
830505,14670000060451,71.96
830506,14670000060461,79.2
830507,14670000060471,65.28
830508,14670000060481,65.68
830509,14670000060491,75.28
830510,14670000060501,64.2
830511,14670000060511,82.92
830512,14670000060521,82.92
830513,14670000060531,61.48
830514,14670000060541,81.92
830515,14670000060551,82.36
830516,14670000060561,81.92
830517,14670000060571,81.2
830518,14670000060581,80.92
830519,14670000060591,78.84
830520,14670000060601,74.96
830521,14670000060611,78.56
830522,14670000060621,79.96
830523,14670000060631,73.56
830524,14670000060641,69.84
830525,14670000060651,79.68
830526,14670000060661,80.84
830527,14670000060671,79.84
830528,14670000060681,76.2
830529,14670000060691,79.56
830530,14670000060701,76.96
830531,14670000060711,77.32
830532,14670000060721,76.8
830533,14670000060731,79.72
830534,14670000060741,79.92
830535,14670000060751,76.72
830536,14670000060761,76.92
830537,14670000060771,77.4
830538,14670000060781,77.64
830539,14670000060791,78.16
830540,14670000060801,79.48
830541,14670000060811,41.48
830542,14670000060821,38.64
830543,14670000060831,74.32
830544,14670000060841,71.84
830545,14670000060851,70.88
830546,14670000060861,65.92
830547,14670000060871,42.16
830548,14670000060881,41.76
830549,14670000060891,30.08
830550,14670000060901,62.72
830551,14670000060911,33.12
830552,14670000060921,56.84
830553,14670000060931,81.36
830554,14670000060941,59.96
901055,17219500030011,81.12
901056,17219500030021,10.8
901057,17219500030031,0.52
901058,17219500030041,0.0
901059,17219500030051,0.0
901060,17219500030061,0.0
901061,17219500030071,4.56
901062,17219500030081,7.04
901063,17219500030091,7.2
901064,17219500030101,9.24
901065,17219500030111,19.64
901066,17219500030121,19.68
901067,17219500030131,19.64
901068,17219500030141,20.96
901069,17219500030151,18.36
901070,17219500030161,1.36
901071,17219500030171,0.68
901072,17219500030181,1.4
901073,17219500030191,12.44
901074,17219500030201,3.28
901075,17219500030211,2.84
901076,17219500030221,3.48
901077,17219500030231,0.0
901078,17219500030241,20.0
901079,17219500030251,10.16
901080,17219500030261,19.64
901081,17219500030271,13.08
901082,17219500030281,15.0
901083,17219500030291,20.2
901084,17219500030301,9.96
901085,17219500030311,18.24
901086,17219500030321,32.44
901087,17219500030331,30.52
901088,17219500030341,27.0
901089,17219500030351,30.8
901090,17219500030361,24.6
901091,17219500030371,16.64
901092,17219500030381,16.8
901093,17219500030391,24.88
901094,17219500030401,23.28
901095,17219500030411,18.28
901096,17219500030421,18.92
901097,17219500030431,4.84
901098,17219500030441,1.2
901099,17219500030451,0.0
901100,17219500030461,0.0
901101,17219500030471,0.0
901102,17219500030481,4.16
901103,17219500030491,15.2
901104,17219500030501,26.04
901105,17219500030511,30.2
901106,17219500030521,29.2
901107,17219500030531,15.92
901108,17219500030541,7.4
901109,17219500030551,0.12
901110,17219500030561,21.64
901111,17219500030571,37.16
901112,17219500030581,5.0
901113,17219500030591,2.68
901114,17219500030601,2.8
901115,17219500030611,5.24
901116,17219500030621,7.92
901117,17219500030631,10.32
901118,17219500030641,9.24
901119,17219500030651,6.64
901120,17219500030661,9.04
901121,17219500030671,8.2
901122,17219500030681,19.32
901123,17219500030691,13.68
901124,17219500030701,29.8
901125,17219500030711,18.6
901126,17219500030721,20.6
901127,17219500030731,22.6
901128,17219500030741,13.28
901129,17219500030751,16.48
996007,18140900180011,45.44
996008,18140900180021,80.88
996009,18140900180031,69.36
996010,18140900180041,67.08
996011,18140900180051,62.56
996012,18140900180061,12.76
996013,18140900180071,7.28
996014,18140900180081,1.64
996015,18140900180091,27.52
996016,18140900180101,42.44
996017,18140900180111,54.76
996018,18140900180121,36.96
996019,18140900180131,32.64
996020,18140900180141,30.8
996021,18140900180151,17.6
996022,18140900180161,11.84
996023,18140900180171,1.84
996024,18140900180181,26.4
996025,18140900180191,62.16
996026,18140900180201,81.28
996027,18140900180211,46.6
996028,18140900180221,52.64
996029,18140900180231,61.44
996030,18140900180241,35.88
996031,18140900180251,27.28
996032,18140900180261,34.4
996033,18140900180271,47.84
996034,18140900180281,11.84
996035,18140900180291,42.92
996036,18140900180301,17.88
996037,18140900180311,26.12
996038,18140900180321,27.44
996039,18140900180331,27.28
996040,18140900180341,35.56
996041,18140900180351,11.68
996042,18140900180361,12.16
996043,18140900180371,28.12
996044,18140900180381,28.76
996045,18140900180391,5.52
996046,18140900180401,26.52
996047,18140900180411,10.2
996048,18140900180421,8.28
996049,18140900180431,12.4
996050,18140900180441,20.16
996051,18140900180451,3.12
996052,18140900180461,4.48
996053,18140900180471,18.32
996054,18140900180481,20.2
996055,18140900180491,25.64
996056,18140900180501,35.12
996057,18140900180511,51.52
996058,18140900180521,52.24
996059,18140900180531,47.96
996060,18140900180541,53.24
996061,18140900180551,68.36
996062,18140900180561,46.88
996063,18140900180571,55.64
996064,18140900180581,63.68
996065,18140900180591,46.92
996066,18140900180601,18.68
1032613,18180200440011,2.12
1032614,18180200440021,3.84
1032615,18180200440031,20.76
1032616,18180200440041,3.04
1032617,18180200440051,13.24
1032618,18180200440061,0.0
1032619,18180200440071,0.08
1032620,18180200440081,1.68
1032621,18180200440091,9.32
1032622,18180200440101,1.92
1032623,18180200440111,18.4
1032624,18180200440121,6.68
1032625,18180200440131,7.88
1032626,18180200440141,8.44
1032627,18180200440151,0.68
1032628,18180200440161,0.0
1032629,18180200440171,0.0
1032630,18180200440181,0.0
1032631,18180200440191,0.0
1032632,18180200440201,0.0
1032633,18180200440211,0.0
1032634,18180200440221,1.88
1032635,18180200440231,6.48
1032636,18180200440241,4.2
1032637,18180200440251,1.76
1032638,18180200440261,5.48
1032639,18180200440271,0.36
1032640,18180200440281,0.0
1032641,18180200440291,0.0
1032642,18180200440301,0.0
1032643,18180200440311,0.0
1032644,18180200440321,0.0
1032645,18180200440331,0.0
1032646,18180200440341,0.52
1032647,18180200440351,14.04
1032648,18180200440361,16.24
1032649,18180200440371,1.4
1032650,18180200440381,0.32
1032651,18180200440391,2.76
1032652,18180200440401,0.96
1032653,18180200440411,0.0
1032654,18180200440421,10.76
1032655,18180200440431,20.36
1032656,18180200440441,18.72
1032657,18180200440451,10.92
1032658,18180200440461,0.0
1032659,18180200440471,21.92
1032660,18180200440481,21.84
1032661,18180200440491,17.52
1032662,18180200440501,1.56
1032663,18180200440511,2.72
1032664,18180200440521,11.04
1032665,18180200440531,20.04
1071976,18197300060011,1.76
1071977,18197300060021,2.8
1071978,18197300060031,2.2
1071979,18197300060041,16.84
1071980,18197300060051,17.28
1071981,18197300060061,3.08
1071982,18197300060071,3.52
1071983,18197300060081,7.84
1071984,18197300060091,10.52
1071985,18197300060101,1.36
1071986,18197300060111,1.72
1071987,18197300060121,7.4
1071988,18197300060131,10.0
1071989,18197300060141,8.04
1071990,18197300060151,0.0
1071991,18197300060161,1.12
1071992,18197300060171,5.04
1071993,18197300060181,14.0
1071994,18197300060191,7.68
1071995,18197300060201,0.36
1071996,18197300060211,0.0
1071997,18197300060221,16.08
1071998,18197300060231,1.56
1071999,18197300060241,8.4
1072000,18197300060251,11.72
1072001,18197300060261,6.12
1072002,18197300060271,12.52
1072003,18197300060281,0.0
1072004,18197300060291,4.72
1072005,18197300060301,0.56
1072006,18197300060311,4.2
1072007,18197300060321,11.72
1072008,18197300060331,3.36
1072009,18197300060341,3.2
1072010,18197300060351,4.12
1072011,18197300060361,0.0
1072012,18197300060371,0.0
1072013,18197300060381,2.24
1072014,18197300060391,6.72
1072015,18197300060401,18.28
1072016,18197300060411,7.4
1072017,18197300060421,11.52
1072018,18197300060431,21.2
1072019,18197300060441,4.44
1072020,18197300060451,15.44
1072021,18197300060461,7.84
1072022,18197300060471,8.0
1072023,18197300060481,2.0
1072024,18197300060491,0.0
1072025,18197300060501,2.76
1072026,18197300060511,4.84
1072027,18197300060521,2.52
1072028,18197300060531,10.4
1072029,18197300060541,1.36
1072030,18197300060551,11.32
1072031,18197300060561,29.72
1072032,18197300060571,2.72
1072033,18197300060581,7.44
1072034,18197300060591,0.64
1072035,18197300060601,7.2
1072036,18197300060611,5.48
1072037,18197300060621,5.12
1072038,18197300060631,5.12
1072039,18197300060641,7.28
1072040,18197300060651,23.56
1072041,18197300060661,4.04
1072042,18197300060671,4.12
1072043,18197300060681,0.56
1072044,18197300060691,7.16
1072045,18197300060701,0.0
1072046,18197300060711,3.04
1072047,18197300060721,0.64
1072048,18197300060731,2.28
1072049,18197300060741,10.96
1072050,18197300060751,12.56
1072051,18197300060761,9.04
1072052,18197300060771,11.16
1072053,18197300060781,26.2
1072054,18197300060791,17.44
1072055,18197300060801,5.04
1072056,18197300060811,2.52
1072057,18197300060821,5.72
1072058,18197300060831,6.28
1072059,18197300060841,5.88
1072060,18197300060851,3.84
1072061,18197300060861,10.92
1072062,18197300060871,21.36
1072063,18197300060881,3.8
1072064,18197300060891,0.4
1072065,18197300060901,3.44
1072066,18197300060911,15.0
1072067,18197300060921,10.48
1072068,18197300060931,0.0
1072069,18197300060941,12.52
1072070,18197300060951,22.16
1072071,18197300060961,19.92
1072072,18197300060971,9.48
1138814,21602400200011,40.04
1138815,21602400200021,8.52
1138816,21602400200031,3.52
1138817,21602400200041,0.08
1138818,21602400200051,7.96
1138819,21602400200061,0.2
1138820,21602400200071,29.44
1138821,21602400200081,35.88
1138822,21602400200091,35.04
1138823,21602400200101,7.28
1138824,21602400200111,49.48
1138825,21602400200121,8.56
1138826,21602400200131,36.92
1138827,21602400200141,22.2
1138828,21602400200151,41.04
1138829,21602400200161,32.52
1138830,21602400200171,9.52
1138831,21602400200181,0.16
1138832,21602400200191,30.28
1138833,21602400200201,7.8
1138834,21602400200211,40.04
1138835,21602400200221,29.72
1138836,21602400200231,3.36
1138837,21602400200241,9.44
1138838,21602400200251,21.68
1138839,21602400200261,21.76
1138840,21602400200271,39.08
1138841,21602400200281,4.32
1138842,21602400200291,19.08
1138843,21602400200301,2.84
1138844,21602400200311,1.08
1138845,21602400200321,6.0
1138846,21602400200331,7.96
1138847,21602400200341,9.12
1138848,21602400200351,18.92
1138849,21602400200361,2.88
1138850,21602400200371,15.12
1138851,21602400200381,12.6
1138852,21602400200391,76.56
1138853,21602400200401,4.32
1138854,21602400200411,18.44
1138855,21602400200421,9.56
1138856,21602400200431,5.44
1138857,21602400200441,24.12
1138858,21602400200451,8.04
1138859,21602400200461,17.12
1138860,21602400200471,8.6
1138861,21602400200481,12.36
1138862,21602400200491,13.24
1138863,21602400200501,3.2
1138864,21602400200511,0.0
1138865,21602400200521,12.2
1138866,21602400200531,5.96
1138867,21602400200541,13.6
1138868,21602400200551,34.88
1138869,21602400200561,17.48
1138870,21602400200571,19.04
1138871,21602400200581,2.72
1138872,21602400200591,18.08
1138873,21602400200601,13.6
1138874,21602400200611,28.88
1138875,21602400200621,10.04
1138876,21602400200631,12.24
1138877,21602400200641,25.56
1138878,21602400200651,10.96
1138879,21602400200661,0.0
1138880,21602400200671,16.64
1138881,21602400200681,25.96
1138882,21602400200691,36.76
1185347,22202400080011,15.48
1185348,22202400080021,0.32
1185349,22202400080031,13.04
1185350,22202400080041,29.16
1185351,22202400080051,32.72
1185352,22202400080061,26.84
1185353,22202400080071,31.52
1185354,22202400080081,2.56
1185355,22202400080091,5.08
1185356,22202400080101,34.08
1185357,22202400080111,48.04
1185358,22202400080121,36.92
1185359,22202400080131,52.68
1185360,22202400080141,53.44
1185361,22202400080151,47.96
1185362,22202400080161,5.72
1185363,22202400080171,10.48
1185364,22202400080181,6.12
1185365,22202400080191,1.88
1185366,22202400080201,1.2
1185367,22202400080211,0.0
1185368,22202400080221,0.0
1185369,22202400080231,0.0
1185370,22202400080241,16.36
1185371,22202400080251,24.96
1185372,22202400080261,34.92
1185373,22202400080271,24.88
1185374,22202400080281,60.76
1185375,22202400080291,44.2
1185376,22202400080301,9.0
1185377,22202400080311,32.16
1185378,22202400080321,42.24
1185379,22202400080331,33.6
1185380,22202400080341,34.48
1185381,22202400080351,16.8
1185382,22202400080361,6.48
1185383,22202400080371,7.72
1185384,22202400080381,14.92
1185385,22202400080391,13.36
1185386,22202400080401,16.16
1185387,22202400080411,1.0
1185388,22202400080421,0.68
1185389,22202400080431,2.2
1185390,22202400080441,48.12
1185391,22202400080451,7.08
1185392,22202400080461,0.92
1185393,22202400080471,3.36
1185394,22202400080481,21.8
1185395,22202400080491,11.6
1185396,22202400080501,12.28
1185397,22202400080511,31.36
1185398,22202400080521,48.04
1185399,22202400080531,30.88
1185400,22202400080541,27.96
1185401,22202400080551,25.2
1185402,22202400080561,3.4
1290004,22602400010011,10.12
1290005,22602400010021,35.88
1290006,22602400010031,23.2
1290007,22602400010041,21.0
1290008,22602400010051,14.96
1290009,22602400010061,13.44
1290010,22602400010071,22.4
1290011,22602400010081,17.88
1290012,22602400010091,16.64
1290013,22602400010101,10.08
1290014,22602400010111,18.68
1290015,22602400010121,11.68
1290016,22602400010131,13.56
1290017,22602400010141,5.56
1290018,22602400010151,8.0
1290019,22602400010161,7.76
1290020,22602400010171,14.36
1290021,22602400010181,13.32
1290022,22602400010191,8.48
1290023,22602400010201,10.28
1290024,22602400010211,12.04
1290025,22602400010221,14.24
1290026,22602400010231,3.32
1290027,22602400010241,9.0
1290028,22602400010251,9.8
1290029,22602400010261,5.24
1290030,22602400010271,8.32
1290031,22602400010281,14.24
1290032,22602400010291,10.28
1290033,22602400010301,12.32
1290034,22602400010311,8.4
1290035,22602400010321,0.56
1290036,22602400010331,0.36
1290037,22602400010341,1.44
1290038,22602400010351,2.92
1290039,22602400010361,2.0
1290040,22602400010371,0.56
1290041,22602400010381,2.88
1290042,22602400010391,2.48
1290043,22602400010401,5.64
1290044,22602400010411,0.84
1290045,22602400010421,0.6
1290046,22602400010431,4.96
1290047,22602400010441,2.4
1290048,22602400010451,1.32
1290049,22602400010461,5.48
1290050,22602400010471,1.04
1290051,22602400010481,1.72
1290052,22602400010491,6.88
1290053,22602400010501,5.64
1290054,22602400010511,2.92
1290055,22602400010521,1.88
1290056,22602400010531,5.32
1290057,22602400010541,2.44
1290058,22602400010551,3.04
1290059,22602400010561,2.08
1290060,22602400010571,3.12
1290061,22602400010581,2.64
1290062,22602400010591,3.36
1290063,22602400010601,2.64
1290064,22602400010611,5.24
1290065,22602400010621,1.76
1290066,22602400010631,0.0
1290067,22602400010641,12.68
1290068,22602400010651,9.92
1290069,22602400010661,3.36
1290070,22602400010671,9.28
1290071,22602400010681,0.36
1290072,22602400010691,0.0
1290073,22602400010701,0.16
1290074,22602400010711,2.08
1290075,22602400010721,4.12
1290076,22602400010731,0.4
1290077,22602400010741,0.0
1290078,22602400010751,0.0
1290079,22602400010761,3.4
1290080,22602400010771,8.08
1290081,22602400010781,0.0
1290082,22602400010791,0.4
1290083,22602400010801,0.0
1290084,22602400010811,0.0
1290085,22602400010821,0.0
1290086,22602400010831,8.96
1290087,22602400010841,0.48
1290088,22602400010851,0.0
1290089,22602400010861,0.0
1290090,22602400010871,1.72
1290091,22602400010881,2.52
1290092,22602400010891,0.0
1290093,22602400010901,0.56
1290094,22602400010911,0.0
1290095,22602400010921,2.96
1290096,22602400010931,0.0
1290097,22602400010941,1.32
1290098,22602400010951,8.92
1290099,22602400010961,13.36
1290100,22602400010971,13.96
1346927,22740900100011,38.76
1346928,22740900100021,37.32
1346929,22740900100031,32.24
1346930,22740900100041,42.52
1346931,22740900100051,41.48
1346932,22740900100061,37.24
1346933,22740900100071,46.04
1346934,22740900100081,39.72
1346935,22740900100091,39.08
1346936,22740900100101,25.4
1346937,22740900100111,21.08
1346938,22740900100121,29.44
1346939,22740900100131,36.76
1346940,22740900100141,33.04
1346941,22740900100151,50.48
1346942,22740900100161,49.2
1346943,22740900100171,38.12
1346944,22740900100181,35.36
1346945,22740900100191,36.52
1346946,22740900100201,32.96
1346947,22740900100211,35.52
1346948,22740900100221,35.0
1346949,22740900100231,25.72
1346950,22740900100241,27.44
1346951,22740900100251,25.8
1346952,22740900100261,28.76
1346953,22740900100271,34.08
1346954,22740900100281,31.72
1346955,22740900100291,34.8
1346956,22740900100301,37.44
1346957,22740900100311,26.12
1346958,22740900100321,25.32
1346959,22740900100331,41.04
1346960,22740900100341,33.72
1346961,22740900100351,50.56
1346962,22740900100361,50.28
1346963,22740900100371,45.92
1346964,22740900100381,43.68
1346965,22740900100391,54.24
1346966,22740900100401,41.48
1346967,22740900100411,25.6
1346968,22740900100421,40.92
1346969,22740900100431,20.08
1346970,22740900100441,12.24
1346971,22740900100451,21.04
1346972,22740900100461,18.48
1346973,22740900100471,30.48
1346974,22740900100481,33.8
1346975,22740900100491,37.96
1346976,22740900100501,49.04
1346977,22740900100511,29.48
1346978,22740900100521,26.08
1346979,22740900100531,24.12
1346980,22740900100541,25.2
1346981,22740900100551,55.72
1347099,22740900140011,1.48
1347100,22740900140021,0.64
1347101,22740900140031,6.64
1347102,22740900140041,0.0
1347103,22740900140051,2.04
1347104,22740900140061,2.84
1347105,22740900140071,4.36
1347106,22740900140081,0.4
1347107,22740900140091,0.96
1347108,22740900140101,0.16
1347109,22740900140111,0.48
1347110,22740900140121,0.36
1347111,22740900140131,0.96
1347112,22740900140141,1.6
1347113,22740900140151,0.92
1347114,22740900140161,2.36
1347115,22740900140171,1.24
1347116,22740900140181,0.0
1347117,22740900140191,0.4
1347118,22740900140201,1.72
1347119,22740900140211,0.44
1347120,22740900140221,4.44
1347121,22740900140231,3.92
1347122,22740900140241,0.72
1347123,22740900140251,0.64
1347124,22740900140261,0.0
1347125,22740900140271,1.36
1347126,22740900140281,3.32
1347127,22740900140291,0.0
1347128,22740900140301,0.0
1347129,22740900140311,1.44
1347130,22740900140321,1.32
1347131,22740900140331,0.88
1347132,22740900140341,7.32
1347133,22740900140351,0.4
1347134,22740900140361,0.08
1347135,22740900140371,0.6
1347136,22740900140381,1.44
1347137,22740900140391,3.52
1347138,22740900140401,2.32
1347139,22740900140411,2.08
1347140,22740900140421,0.0
1347141,22740900140431,3.04
1347142,22740900140441,0.16
1347143,22740900140451,4.12
1347144,22740900140461,1.8
1347145,22740900140471,10.56
1347146,22740900140481,0.0
1347147,22740900140491,4.56
1347148,22740900140501,1.44
1347149,22740900140511,0.88
1347150,22740900140521,1.48
1347151,22740900140531,0.64
1347152,22740900140541,1.36
1347153,22740900140551,0.0
1347154,22740900140561,0.28
1347155,22740900140571,6.68
1347156,22740900140581,7.56
1347157,22740900140591,1.84
1347158,22740900140601,2.72
1347159,22740900140611,5.36
1347160,22740900140621,9.52
1347161,22740900140631,6.4
1347162,22740900140641,3.36
1347163,22740900140651,0.0
1347164,22740900140661,1.56
1347165,22740900140671,5.84
1347166,22740900140681,1.88
1347167,22740900140691,0.68
1347168,22740900140701,9.24
1347169,22740900140711,0.0
1347170,22740900140721,0.0
1347171,22740900140731,0.0
1347172,22740900140741,2.16
1347173,22740900140751,23.0
1347174,22740900140761,14.2
1347175,22740900140771,7.12
1347176,22740900140781,0.0
1347177,22740900140791,3.76
1347178,22740900140801,10.6
1347179,22740900140811,14.08
1347180,22740900140821,0.0
1347181,22740900140831,23.0
1347182,22740900140841,29.56
1347183,22740900140851,8.4
1347184,22740900140861,25.76
1347185,22740900140871,34.36
1347186,22740900140881,1.36
2202258,29477000050011,31.72
2202259,29477000050021,33.24
2202260,29477000050031,36.76
2202261,29477000050041,41.12
2202262,29477000050051,34.6
2202263,29477000050061,28.68
2202264,29477000050071,28.08
2202265,29477000050081,43.92
2202266,29477000050091,56.0
2202267,29477000050101,75.76
2202268,29477000050111,69.08
2202269,29477000050121,61.68
2202270,29477000050131,53.36
2202271,29477000050141,41.44
2202272,29477000050151,26.4
2202273,29477000050161,21.68
2202274,29477000050171,18.36
2202275,29477000050181,36.96
2202276,29477000050191,59.12
2202277,29477000050201,53.52
2202278,29477000050211,33.4
2202279,29477000050221,26.24
2202280,29477000050231,29.36
2202281,29477000050241,17.52
2202282,29477000050251,42.6
2202283,29477000050261,33.8
2202284,29477000050271,39.84
2202285,29477000050281,27.44
2202286,29477000050291,22.48
2202287,29477000050301,47.44
2202288,29477000050311,52.36
2202289,29477000050321,50.08
2202290,29477000050331,59.72
2202291,29477000050341,55.96
2202292,29477000050351,59.64
2202293,29477000050361,80.04
2202294,29477000050371,63.44
2202295,29477000050381,44.8
2202296,29477000050391,22.6
2202297,29477000050401,20.04
2202298,29477000050411,25.24
2202299,29477000050421,40.08
2202300,29477000050431,64.44
2202301,29477000050441,75.6
2202302,29477000050451,44.28
2202303,29477000050461,39.12
2202304,29477000050471,40.68
2202305,29477000050481,40.8
2202306,29477000050491,27.52
2202307,29477000050501,28.48
2202308,29477000050511,34.8
2202309,29477000050521,34.44
2202310,29477000050531,55.24
2202311,29477000050541,62.84
2202312,29477000050551,69.56
2202313,29477000050561,62.24
2210483,29496100070011,0.56
2210484,29496100070021,0.56
2210485,29496100070031,1.0
2210486,29496100070041,0.4
2210487,29496100070051,1.2
2210488,29496100070061,1.16
2210489,29496100070071,2.12
2210490,29496100070081,1.76
2210491,29496100070091,1.84
2210492,29496100070101,1.68
2210493,29496100070111,0.96
2210494,29496100070121,1.24
2210495,29496100070131,1.32
2210496,29496100070141,1.44
2210497,29496100070151,0.72
2210498,29496100070161,0.68
2210499,29496100070171,0.52
2210500,29496100070181,0.0
2210501,29496100070191,0.76
2210502,29496100070201,1.36
2210503,29496100070211,2.36
2210504,29496100070221,0.68
2210505,29496100070231,0.44
2210506,29496100070241,0.32
2210507,29496100070251,0.64
2210508,29496100070261,0.84
2210509,29496100070271,2.0
2210510,29496100070281,7.08
2210511,29496100070291,0.52
2210512,29496100070301,1.92
2210513,29496100070311,0.64
2210514,29496100070321,0.0
2210515,29496100070331,1.2
2210516,29496100070341,3.6
2210517,29496100070351,2.76
2210518,29496100070361,1.04
2210519,29496100070371,1.32
2210520,29496100070381,1.76
2210521,29496100070391,1.36
2210522,29496100070401,2.32
2210523,29496100070411,3.2
2210524,29496100070421,3.16
2210525,29496100070431,3.16
2210526,29496100070441,1.52
2210527,29496100070451,1.92
2210528,29496100070461,0.88
2210529,29496100070471,3.68
2210530,29496100070481,0.92
2210531,29496100070491,1.08
2210532,29496100070501,1.6
2210533,29496100070511,1.0
4269743,41301101280011,59.16
4269744,41301101280021,90.28
4269745,41301101280031,92.68
4269746,41301101280041,69.32
4269747,41301101280051,49.28
4269748,41301101280061,51.68
4269749,41301101280071,43.2
4269750,41301101280081,59.72
4269751,41301101280091,70.84
4269752,41301101280101,54.08
4269753,41301101280111,50.72
4269754,41301101280121,78.28
4269755,41301101280131,83.6
4269756,41301101280141,81.36
4269757,41301101280151,61.0
4269758,41301101280161,66.04
4269759,41301101280171,71.84
4269760,41301101280181,65.28
4269761,41301101280191,26.72
4269762,41301101280201,36.52
4269763,41301101280211,58.12
4269764,41301101280221,44.2
4269765,41301101280231,56.64
4269766,41301101280241,51.48
4269767,41301101280251,33.8
4269768,41301101280261,39.0
4269769,41301101280271,28.16
4269770,41301101280281,19.32
4269771,41301101280291,25.48
4269772,41301101280301,24.28
4269773,41301101280311,19.52
4269774,41301101280321,6.68
4269775,41301101280331,29.56
4269776,41301101280341,43.48
4269777,41301101280351,35.8
4269778,41301101280361,33.48
4269779,41301101280371,32.56
4269780,41301101280381,38.08
4269781,41301101280391,21.36
4378784,42243200070011,33.8
4378785,42243200070021,21.68
4378786,42243200070031,35.28
4378787,42243200070041,24.32
4378788,42243200070051,20.36
4378789,42243200070061,26.48
4378790,42243200070071,17.04
4378791,42243200070081,12.84
4378792,42243200070091,44.64
4378793,42243200070101,45.44
4378794,42243200070111,34.28
4378795,42243200070121,50.24
4378796,42243200070131,43.28
4378797,42243200070141,15.88
4378798,42243200070151,5.4
4378799,42243200070161,3.84
4378800,42243200070171,18.96
4378801,42243200070181,31.84
4378802,42243200070191,23.24
4378803,42243200070201,26.76
4378804,42243200070211,9.64
4378805,42243200070221,10.56
4378806,42243200070231,25.4
4378807,42243200070241,19.08
4378808,42243200070251,10.04
4378809,42243200070261,4.96
4378810,42243200070271,2.84
4378811,42243200070281,4.6
4378812,42243200070291,2.48
4378813,42243200070301,3.76
4378814,42243200070311,28.12
4378815,42243200070321,0.48
4378816,42243200070331,1.24
4378817,42243200070341,17.8
4378818,42243200070351,18.8
4378819,42243200070361,4.04
4378820,42243200070371,1.04
4378821,42243200070381,13.76
4378822,42243200070391,4.72
4378823,42243200070401,1.6
4378824,42243200070411,17.88
4378825,42243200070421,23.68
4378826,42243200070431,7.0
4378827,42243200070441,10.04
4378828,42243200070451,12.72
4378829,42243200070461,5.6
4378830,42243200070471,19.0
4378831,42243200070481,3.12
4378832,42243200070491,14.56
4378833,42243200070501,9.12
4378834,42243200070511,0.56
4378835,42243200070521,5.24
4378836,42243200070531,4.72
4378837,42243200070541,11.2
4378838,42243200070551,19.6
4378839,42243200070561,28.16
4378840,42243200070571,28.12
4378841,42243200070581,28.8
4378842,42243200070591,56.92
4378843,42243200070601,40.48
4378844,42243200070611,31.64
4378845,42243200070621,39.36
4378846,42243200070631,18.28
4378847,42243200070641,21.64
4378848,42243200070651,7.64
4378849,42243200070661,11.28
4378850,42243200070671,13.88
4378851,42243200070681,3.32
4378852,42243200070691,29.92
4378853,42243200070701,6.76
4378854,42243200070711,7.92
4378855,42243200070721,32.32
4378856,42243200070731,26.6
4378857,42243200070741,7.04
4378858,42243200070751,3.96
4378859,42243200070761,13.84
4378860,42243200070771,8.16
4378861,42243200070781,24.56
4378862,42243200070791,8.28
4378863,42243200070801,6.04
4378864,42243200070811,9.2
4378865,42243200070821,7.24
4378866,42243200070831,2.64
4378867,42243200070841,7.08
4378868,42243200070851,5.92
4378869,42243200070861,8.88
4378870,42243200070871,8.44
4378871,42243200070881,5.64
4378872,42243200070891,3.52
4378873,42243200070901,20.88
4378874,42243200070911,8.36
4378875,42243200070921,33.92
4378876,42243200070931,6.44
4538218,42308200160011,29.08
4538219,42308200160021,45.92
4538220,42308200160031,43.96
4538221,42308200160041,26.52
4538222,42308200160051,37.52
4538223,42308200160061,32.96
4538224,42308200160071,44.76
4538225,42308200160081,33.48
4538226,42308200160091,42.8
4538227,42308200160101,36.64
4538228,42308200160111,49.6
4538229,42308200160121,28.52
4538230,42308200160131,10.44
4538231,42308200160141,29.04
4538232,42308200160151,8.04
4538233,42308200160161,46.0
4538234,42308200160171,20.0
4538235,42308200160181,24.76
4538236,42308200160191,22.52
4538237,42308200160201,22.52
4538238,42308200160211,15.04
4538239,42308200160221,7.32
4538240,42308200160231,15.6
4538241,42308200160241,25.24
4538242,42308200160251,19.96
4538243,42308200160261,28.16
4538244,42308200160271,36.12
4538245,42308200160281,20.6
4538246,42308200160291,24.8
4538247,42308200160301,35.8
4538248,42308200160311,22.0
4538249,42308200160321,27.64
4538250,42308200160331,33.2
4538251,42308200160341,33.28
4538252,42308200160351,31.04
4538253,42308200160361,26.32
4538254,42308200160371,32.0
4538255,42308200160381,13.72
4538256,42308200160391,9.28
4538257,42308200160401,6.72
4538258,42308200160411,2.04
4538259,42308200160421,0.8
4538260,42308200160431,16.92
4538261,42308200160441,14.8
4538262,42308200160451,10.56
4538263,42308200160461,12.04
4538264,42308200160471,4.8
4538265,42308200160481,9.6
4538266,42308200160491,12.52
4538267,42308200160501,4.92
4632916,43227000350011,24.44
4632917,43227000350021,28.04
4632918,43227000350031,4.52
4632919,43227000350041,7.0
4632920,43227000350051,5.6
4632921,43227000350061,6.36
4632922,43227000350071,6.56
4632923,43227000350081,5.52
4632924,43227000350091,4.4
4632925,43227000350101,9.04
4632926,43227000350111,10.32
4632927,43227000350121,10.44
4632928,43227000350131,15.8
4632929,43227000350141,14.72
4632930,43227000350151,26.56
4632931,43227000350161,36.16
4632932,43227000350171,34.96
4632933,43227000350181,25.0
4632934,43227000350191,16.56
4632935,43227000350201,17.04
4632936,43227000350211,12.52
4632937,43227000350221,11.36
4632938,43227000350231,11.28
4632939,43227000350241,17.88
4632940,43227000350251,32.24
4632941,43227000350261,37.96
4632942,43227000350271,27.96
4632943,43227000350281,25.12
4632944,43227000350291,32.44
4632945,43227000350301,31.56
4632946,43227000350311,30.44
4632947,43227000350321,34.52
4632948,43227000350331,30.96
4632949,43227000350341,24.32
4632950,43227000350351,33.4
4632951,43227000350361,17.4
4632952,43227000350371,5.16
4632953,43227000350381,24.76
4632954,43227000350391,25.64
4632955,43227000350401,4.56
4632956,43227000350411,0.0
4632957,43227000350421,0.0
4632958,43227000350431,0.0
4632959,43227000350441,3.24
4632960,43227000350451,39.0
4632961,43227000350461,16.56
4632962,43227000350471,1.2
4632963,43227000350481,8.68
4632964,43227000350491,15.0
4632965,43227000350501,8.72
4632966,43227000350511,11.6
4632967,43227000350521,47.0
4632968,43227000350531,53.36
4632969,43227000350541,47.12
4632970,43227000350551,45.28
4632971,43227000350561,32.76
4632972,43227000350571,28.08
4632973,43227000350581,41.28
4632974,43227000350591,35.96
4632975,43227000350601,29.32
4632976,43227000350611,31.88
4632977,43227000350621,42.84
4632978,43227000350631,39.28
4632979,43227000350641,4.96
4632980,43227000350651,16.76
4632981,43227000350661,37.12
4632982,43227000350671,35.56
4632983,43227000350681,27.88
4632984,43227000350691,9.04
4632985,43227000350701,9.56
4632986,43227000350711,21.2
4632987,43227000350721,29.2
4632988,43227000350731,34.96
4632989,43227000350741,17.52
4632990,43227000350751,25.72
4632991,43227000350761,39.8
4632992,43227000350771,44.84
4632993,43227000350781,33.32
4632994,43227000350791,34.16
4632995,43227000350801,23.44
4632996,43227000350811,9.88
4632997,43227000350821,16.48
4632998,43227000350831,7.8
4632999,43227000350841,10.0
4633000,43227000350851,15.84
4633001,43227000350861,22.8
4633002,43227000350871,35.44
4633003,43227000350881,28.96
4633004,43227000350891,19.08
4633005,43227000350901,14.16
4633006,43227000350911,17.48
5358034,44306401000011,20.76
5358035,44306401000021,20.56
5358036,44306401000031,8.16
5358037,44306401000041,23.96
5358038,44306401000051,16.92
5358039,44306401000061,12.84
5358040,44306401000071,8.2
5358041,44306401000081,14.64
5358042,44306401000091,20.92
5358043,44306401000101,29.12
5358044,44306401000111,20.6
5358045,44306401000121,22.36
5358046,44306401000131,20.56
5358047,44306401000141,19.96
5358048,44306401000151,11.48
5358049,44306401000161,14.16
5358050,44306401000171,12.6
5358051,44306401000181,15.36
5358052,44306401000191,19.24
5358053,44306401000201,15.88
5358054,44306401000211,15.88
5358055,44306401000221,8.4
5358056,44306401000231,9.56
5358057,44306401000241,3.0
5358058,44306401000251,22.96
5358059,44306401000261,21.68
5358060,44306401000271,14.8
5358061,44306401000281,39.4
5358062,44306401000291,46.6
5358063,44306401000301,38.28
5358064,44306401000311,23.32
5358065,44306401000321,24.6
5358066,44306401000331,13.04
5358067,44306401000341,10.4
5358068,44306401000351,22.56
5358069,44306401000361,24.08
5358070,44306401000371,20.88
5358071,44306401000381,15.52
5358072,44306401000391,30.04
5358073,44306401000401,19.68
5358074,44306401000411,30.64
5358075,44306401000421,22.76
5358076,44306401000431,15.6
5358077,44306401000441,17.0
5358078,44306401000451,33.92
5358079,44306401000461,35.36
5358080,44306401000471,35.84
5358081,44306401000481,17.96
5358082,44306401000491,17.96
5358083,44306401000501,17.2
5384818,44403900100011,0.0
5384819,44403900100021,0.0
5384820,44403900100031,0.0
5384821,44403900100041,0.0
5384822,44403900100051,0.0
5384823,44403900100061,0.0
5384824,44403900100071,0.28
5384825,44403900100081,0.08
5384826,44403900100091,0.16
5384827,44403900100101,0.0
5384828,44403900100111,0.0
5384829,44403900100121,0.16
5384830,44403900100131,5.76
5384831,44403900100141,0.4
5384832,44403900100151,1.8
5384833,44403900100161,0.0
5384834,44403900100171,0.0
5384835,44403900100181,0.0
5384836,44403900100191,0.04
5384837,44403900100201,0.84
5384838,44403900100211,0.36
5384839,44403900100221,0.96
5384840,44403900100231,0.0
5384841,44403900100241,0.04
5384842,44403900100251,0.0
5384843,44403900100261,0.12
5384844,44403900100271,0.4
5384845,44403900100281,0.0
5384846,44403900100291,0.0
5384847,44403900100301,0.0
5384848,44403900100311,0.0
5384849,44403900100321,0.0
5384850,44403900100331,0.0
5384851,44403900100341,0.0
5384852,44403900100351,0.0
5384853,44403900100361,2.48
5384854,44403900100371,1.12
5384855,44403900100381,0.0
5384856,44403900100391,1.88
5384857,44403900100401,1.68
5384858,44403900100411,0.32
5384859,44403900100421,3.08
5384860,44403900100431,0.0
5384861,44403900100441,0.0
5384862,44403900100451,0.0
5384863,44403900100461,0.0
5384864,44403900100471,0.0
5384865,44403900100481,0.0
5384866,44403900100491,0.0
5546865,45100400220011,26.16
5546866,45100400220021,4.56
5546867,45100400220031,9.16
5546868,45100400220041,19.36
5546869,45100400220051,23.68
5546870,45100400220061,12.68
5546871,45100400220071,29.04
5546872,45100400220081,20.28
5546873,45100400220091,18.52
5546874,45100400220101,24.44
5546875,45100400220111,20.16
5546876,45100400220121,25.16
5546877,45100400220131,16.72
5546878,45100400220141,15.2
5546879,45100400220151,15.8
5546880,45100400220161,30.76
5546881,45100400220171,25.12
5546882,45100400220181,23.0
5546883,45100400220191,12.76
5546884,45100400220201,19.24
5546885,45100400220211,20.48
5546886,45100400220221,27.04
5546887,45100400220231,26.36
5546888,45100400220241,32.48
5546889,45100400220251,28.6
5546890,45100400220261,16.16
5546891,45100400220271,20.92
5546892,45100400220281,13.12
5546893,45100400220291,16.8
5546894,45100400220301,23.12
5546895,45100400220311,24.6
5546896,45100400220321,45.72
5546897,45100400220331,19.6
5546898,45100400220341,18.2
5546899,45100400220351,23.04
5546900,45100400220361,17.28
5546901,45100400220371,15.64
5546902,45100400220381,14.4
5546903,45100400220391,25.16
5546904,45100400220401,21.08
5546905,45100400220411,27.92
5546906,45100400220421,37.2
5546907,45100400220431,53.24
5546908,45100400220441,21.84
5546909,45100400220451,41.32
5546910,45100400220461,11.44
5546911,45100400220471,18.8
5546912,45100400220481,23.76
5546913,45100400220491,17.44
5546914,45100400220501,26.88
5546915,45100400220511,29.88
5546916,45100400220521,23.76
5546917,45100400220531,29.48
5546918,45100400220541,25.88
5546919,45100400220551,17.92
5546920,45100400220561,13.88
5546921,45100400220571,13.24
5546922,45100400220581,15.68
5546923,45100400220591,18.56
5546924,45100400220601,15.32
5546925,45100400220611,20.12
5546926,45100400220621,26.16
5546927,45100400220631,22.4
5546928,45100400220641,30.12
5546929,45100400220651,28.92
5546930,45100400220661,32.04
5546931,45100400220671,30.68
5546932,45100400220681,47.36
5546933,45100400220691,37.32
5546934,45100400220701,20.36
5546935,45100400220711,16.28
5546936,45100400220721,14.8
5546937,45100400220731,34.44
5546938,45100400220741,27.28
5546939,45100400220751,16.52
5546940,45100400220761,13.12
5546941,45100400220771,11.08
5546942,45100400220781,19.2
5546943,45100400220791,37.12
5546944,45100400220801,11.96
5546945,45100400220811,20.24
5546946,45100400220821,42.08
5546947,45100400220831,17.88
5546948,45100400220841,14.52
5546949,45100400220851,19.12
5546950,45100400220861,27.56
5546951,45100400220871,40.52
5546952,45100400220881,17.96
5546953,45100400220891,28.44
5546954,45100400220901,20.12
5546955,45100400220911,25.8
5546956,45100400220921,13.88
5546957,45100400220931,14.96
5546958,45100400220941,10.8
5546959,45100400220951,7.4
5546960,45100400220961,7.52
5546961,45100400220971,18.52
5546962,45100400220981,15.6
5643424,45243802330011,5.24
5643425,45243802330021,2.8
5643426,45243802330031,0.0
5643427,45243802330041,0.68
5643428,45243802330051,1.44
5643429,45243802330061,0.0
5643430,45243802330071,0.32
5643431,45243802330081,0.08
5643432,45243802330091,2.2
5643433,45243802330101,0.24
5643434,45243802330111,1.48
5643435,45243802330121,1.72
5643436,45243802330131,1.68
5643437,45243802330141,2.64
5643438,45243802330151,2.28
5643439,45243802330161,2.24
5643440,45243802330171,2.04
5643441,45243802330181,2.24
5643442,45243802330191,1.8
5643443,45243802330201,1.96
5643444,45243802330211,2.36
5643445,45243802330221,1.8
5643446,45243802330231,1.32
5643447,45243802330241,3.44
5643448,45243802330251,0.6
5643449,45243802330261,1.72
5643450,45243802330271,3.44
5643451,45243802330281,3.52
5643452,45243802330291,2.12
5643453,45243802330301,4.08
5643454,45243802330311,4.56
5643455,45243802330321,5.52
5643456,45243802330331,2.36
5643457,45243802330341,4.24
5643458,45243802330351,2.56
5643459,45243802330361,1.32
5643460,45243802330371,5.2
5643461,45243802330381,3.4
5643462,45243802330391,3.72
5643463,45243802330401,1.64
5643464,45243802330411,3.84
5643465,45243802330421,2.52
5643466,45243802330431,2.0
5643467,45243802330441,2.68
5643468,45243802330451,2.2
5643469,45243802330461,3.0
5643470,45243802330471,0.88
5643471,45243802330481,1.52
5643472,45243802330491,0.76
5643473,45243802330501,2.64
5643474,45243802330511,1.96
5643475,45243802330521,2.16
5643476,45243802330531,2.36
5643477,45243802330541,4.04
6283482,46217500180011,25.96
6283483,46217500180021,19.6
6283484,46217500180031,23.56
6283485,46217500180041,29.08
6283486,46217500180051,22.4
6283487,46217500180061,28.8
6283488,46217500180071,26.4
6283489,46217500180081,23.92
6283490,46217500180091,19.2
6283491,46217500180101,16.84
6283492,46217500180111,16.84
6283493,46217500180121,24.2
6283494,46217500180131,30.96
6283495,46217500180141,42.6
6283496,46217500180151,32.08
6283497,46217500180161,24.24
6283498,46217500180171,20.6
6283499,46217500180181,19.48
6283500,46217500180191,15.28
6283501,46217500180201,19.8
6283502,46217500180211,20.0
6283503,46217500180221,15.0
6283504,46217500180231,13.2
6283505,46217500180241,9.2
6283506,46217500180251,28.6
6283507,46217500180261,29.8
6283508,46217500180271,19.28
6283509,46217500180281,13.88
6283510,46217500180291,14.24
6283511,46217500180301,22.48
6283512,46217500180311,17.44
6283513,46217500180321,24.2
6283514,46217500180331,22.48
6283515,46217500180341,31.04
6283516,46217500180351,22.56
6283517,46217500180361,15.96
6283518,46217500180371,20.48
6283519,46217500180381,9.64
6283520,46217500180391,12.36
6283521,46217500180401,18.52
6283522,46217500180411,38.16
6283523,46217500180421,18.28
6283524,46217500180431,19.36
6283525,46217500180441,24.48
6283526,46217500180451,29.28
6283527,46217500180461,25.64
6283528,46217500180471,27.64
6283529,46217500180481,33.4
6283530,46217500180491,33.84
6283531,46217500180501,27.04
6283532,46217500180511,32.28
6283533,46217500180521,17.56
6317548,46395000590011,44.72
6317549,46395000590021,47.84
6317550,46395000590031,95.84
6317551,46395000590041,94.76
6317552,46395000590051,97.56
6317553,46395000590061,91.48
6317554,46395000590071,45.56
6317555,46395000590081,17.04
6317556,46395000590091,8.44
6317557,46395000590101,35.36
6317558,46395000590111,3.04
6317559,46395000590121,0.0
6317560,46395000590131,1.48
6317561,46395000590141,1.36
6317562,46395000590151,1.4
6317563,46395000590161,0.48
6317564,46395000590171,0.0
6317565,46395000590181,0.0
6317566,46395000590191,0.0
6317567,46395000590201,46.0
6317568,46395000590211,64.52
6317569,46395000590221,13.92
6317570,46395000590231,15.04
6317571,46395000590241,60.16
6317572,46395000590251,56.68
6317573,46395000590261,70.04
6317574,46395000590271,56.56
6317575,46395000590281,48.28
6317576,46395000590291,71.16
6317577,46395000590301,82.68
6317578,46395000590311,76.44
6317579,46395000590321,3.8
6317580,46395000590331,0.0
6317581,46395000590341,1.8
6317582,46395000590351,4.16
6317583,46395000590361,0.72
6317584,46395000590371,0.84
6317585,46395000590381,2.24
6317586,46395000590391,4.8
6317587,46395000590401,9.12
6317588,46395000590411,71.56
6317589,46395000590421,15.92
6317590,46395000590431,71.08
6317591,46395000590441,76.4
6317592,46395000590451,81.0
6317593,46395000590461,66.48
6317594,46395000590471,76.88
6317595,46395000590481,72.16
6317596,46395000590491,80.36
6654875,52409800670011,0.0
6654876,52409800670021,0.0
6654877,52409800670031,0.0
6654878,52409800670041,0.0
6654879,52409800670051,0.0
6654880,52409800670061,0.0
6654881,52409800670071,0.0
6654882,52409800670081,0.0
6654883,52409800670091,0.0
6654884,52409800670101,26.84
6654885,52409800670111,0.0
6654886,52409800670121,0.0
6654887,52409800670131,0.0
6654888,52409800670141,0.0
6654889,52409800670151,0.0
6654890,52409800670161,54.16
6654891,52409800670171,95.72
6654892,52409800670181,95.72
6654893,52409800670191,94.52
6654894,52409800670201,87.12
6654895,52409800670211,74.2
6654896,52409800670221,56.8
6654897,52409800670231,53.84
6654898,52409800670241,73.64
6654899,52409800670251,71.88
6654900,52409800670261,55.6
6654901,52409800670271,40.2
6654902,52409800670281,26.24
6654903,52409800670291,64.6
6654904,52409800670301,23.64
6654905,52409800670311,50.08
6654906,52409800670321,58.68
6654907,52409800670331,37.2
6654908,52409800670341,31.24
6654909,52409800670351,29.96
6654910,52409800670361,16.68
6654911,52409800670371,48.36
6654912,52409800670381,39.32
6654913,52409800670391,61.28
6654914,52409800670401,80.88
6654915,52409800670411,68.68
6654916,52409800670421,76.4
6654917,52409800670431,74.4
6654918,52409800670441,52.52
6654919,52409800670451,33.68
6654920,52409800670461,70.32
6654921,52409800670471,94.56
6654922,52409800670481,89.28
6654923,52409800670491,78.52
6654924,52409800670501,78.04
6654925,52409800670511,82.8
6654926,52409800670521,64.2
6654927,52409800670531,41.08
6654928,52409800670541,31.84
6654929,52409800670551,56.08
6654930,52409800670561,70.6
7256463,61586000090011,4.8
7256464,61586000090021,1.84
7256465,61586000090031,0.4
7256466,61586000090041,0.32
7256467,61586000090051,0.76
7256468,61586000090061,0.0
7256469,61586000090071,3.84
7256470,61586000090081,13.08
7256471,61586000090091,0.0
7256472,61586000090101,0.0
7256473,61586000090111,0.0
7256474,61586000090121,0.0
7256475,61586000090131,0.0
7256476,61586000090141,0.0
7256477,61586000090151,2.84
7256478,61586000090161,3.36
7256479,61586000090171,0.0
7256480,61586000090181,0.0
7256481,61586000090191,0.0
7256482,61586000090201,0.44
7256483,61586000090211,0.0
7256484,61586000090221,0.0
7256485,61586000090231,0.0
7256486,61586000090241,0.0
7256487,61586000090251,0.0
7256488,61586000090261,4.92
7256489,61586000090271,31.36
7256490,61586000090281,3.8
7256491,61586000090291,1.64
7256492,61586000090301,4.2
7256493,61586000090311,0.64
7256494,61586000090321,4.88
7256495,61586000090331,3.28
7256496,61586000090341,3.4
7256497,61586000090351,3.44
7256498,61586000090361,2.68
7256499,61586000090371,1.44
7256500,61586000090381,4.0
7256501,61586000090391,0.84
7256502,61586000090401,1.32
7256503,61586000090411,3.48
7256504,61586000090421,3.04
7256505,61586000090431,5.36
7256506,61586000090441,0.32
7256507,61586000090451,0.32
7256508,61586000090461,0.0
7256509,61586000090471,7.68
7256510,61586000090481,0.0
7256511,61586000090491,0.0
7256512,61586000090501,0.0
7256513,61586000090511,0.0
7256514,61586000090521,0.0
7256515,61586000090531,5.76
7893343,62288600530011,91.92
7893344,62288600530021,72.72
7893345,62288600530031,58.64
7893346,62288600530041,22.12
7893347,62288600530051,33.52
7893348,62288600530061,62.12
7893349,62288600530071,91.88
7893350,62288600530081,42.36
7893351,62288600530091,5.92
7893352,62288600530101,0.0
7893353,62288600530111,0.0
7893354,62288600530121,26.44
7893355,62288600530131,35.84
7893356,62288600530141,68.48
7893357,62288600530151,39.16
7893358,62288600530161,39.36
7893359,62288600530171,11.96
7893360,62288600530181,0.0
7893361,62288600530191,0.6
7893362,62288600530201,3.4
7893363,62288600530211,35.76
7893364,62288600530221,54.28
7893365,62288600530231,48.08
7893366,62288600530241,37.36
7893367,62288600530251,46.68
7893368,62288600530261,56.36
7893369,62288600530271,28.4
7893370,62288600530281,19.48
7893371,62288600530291,91.96
7893372,62288600530301,64.96
7893373,62288600530311,31.72
7893374,62288600530321,12.52
7893375,62288600530331,52.52
7893376,62288600530341,19.12
7893377,62288600530351,9.12
7893378,62288600530361,7.32
7893379,62288600530371,8.32
7893380,62288600530381,14.56
7893381,62288600530391,43.8
7893382,62288600530401,62.36
7893383,62288600530411,40.44
7893384,62288600530421,25.56
7893385,62288600530431,47.32
7893386,62288600530441,27.08
7893387,62288600530451,39.04
7893388,62288600530461,42.76
7893389,62288600530471,22.72
7893390,62288600530481,5.52
7893391,62288600530491,17.52
7893392,62288600530501,31.24
7893393,62288600530511,47.64
7893394,62288600530521,0.2
7893395,62288600530531,0.16
7893396,62288600530541,51.0
7893397,62288600530551,34.72
7893398,62288600530561,27.32
7893399,62288600530571,32.76
7893400,62288600530581,24.52
7893401,62288600530591,17.28
7893402,62288600530601,58.36
7893403,62288600530611,24.4
7893404,62288600530621,0.0
7893405,62288600530631,16.12
7893406,62288600530641,52.4
7893407,62288600530651,81.88
7893408,62288600530661,54.32
7893409,62288600530671,40.32
7893410,62288600530681,50.0
7931907,62292102410011,66.56
7931908,62292102410021,43.96
7931909,62292102410031,52.36
7931910,62292102410041,57.88
7931911,62292102410051,63.72
7931912,62292102410061,64.96
7931913,62292102410071,75.36
7931914,62292102410081,65.08
7931915,62292102410091,70.96
7931916,62292102410101,67.68
7931917,62292102410111,42.64
7931918,62292102410121,48.12
7931919,62292102410131,48.96
7931920,62292102410141,52.44
7931921,62292102410151,56.16
7931922,62292102410161,56.6
7931923,62292102410171,51.32
7931924,62292102410181,59.52
7931925,62292102410191,46.32
7931926,62292102410201,58.16
7931927,62292102410211,54.96
7931928,62292102410221,43.0
7931929,62292102410231,43.76
7931930,62292102410241,52.52
7931931,62292102410251,62.96
7931932,62292102410261,45.4
7931933,62292102410271,37.52
7931934,62292102410281,57.6
7931935,62292102410291,42.28
7931936,62292102410301,30.36
7931937,62292102410311,11.04
7931938,62292102410321,15.36
7931939,62292102410331,17.52
7931940,62292102410341,21.68
7931941,62292102410351,33.08
7931942,62292102410361,48.56
7931943,62292102410371,31.88
7931944,62292102410381,26.28
7931945,62292102410391,35.72
7931946,62292102410401,49.52
7931947,62292102410411,75.04
7931948,62292102410421,70.04
7931949,62292102410431,56.96
7931950,62292102410441,64.4
7931951,62292102410451,75.56
7931952,62292102410461,63.92
7931953,62292102410471,62.16
7931954,62292102410481,47.72
7931955,62292102410491,36.88
7931956,62292102410501,56.48
7931957,62292102410511,61.6
7931958,62292102410521,61.48
7931959,62292102410531,75.0
7931960,62292102410541,69.24
7931961,62292102410551,59.6
7931962,62292102410561,60.28
7931963,62292102410571,54.32
7931964,62292102410581,46.96
7931965,62292102410591,57.24
7931966,62292102410601,75.52
7931967,62292102410611,81.44
7931968,62292102410621,82.64
7931969,62292102410631,84.04
7931970,62292102410641,81.6
7931971,62292102410651,58.84
7931972,62292102410661,63.36
7931973,62292102410671,56.72
7931974,62292102410681,72.16
7931975,62292102410691,71.32
7931976,62292102410701,76.04
7931977,62292102410711,72.56
7931978,62292102410721,81.08
7931979,62292102410731,73.04
7931980,62292102410741,61.08
7931981,62292102410751,71.32
7931982,62292102410761,84.16
7931983,62292102410771,78.44
7931984,62292102410781,79.12
7931985,62292102410791,68.96
7931986,62292102410801,71.68
7931987,62292102410811,61.12
7931988,62292102410821,58.52
7931989,62292102410831,73.64
7931990,62292102410841,73.8
7931991,62292102410851,82.32
7931992,62292102410861,82.52
7931993,62292102410871,82.76
7931994,62292102410881,65.4
7931995,62292102410891,62.6
7931996,62292102410901,73.92
7931997,62292102410911,63.12
7931998,62292102410921,46.12
7931999,62292102410931,67.84
7932000,62292102410941,83.6
7932001,62292102410951,86.04
8055898,62294600420011,88.64
8055899,62294600420021,78.64
8055900,62294600420031,83.08
8055901,62294600420041,77.52
8055902,62294600420051,69.24
8055903,62294600420061,64.32
8055904,62294600420071,63.28
8055905,62294600420081,65.8
8055906,62294600420091,75.56
8055907,62294600420101,61.12
8055908,62294600420111,58.44
8055909,62294600420121,54.16
8055910,62294600420131,59.16
8055911,62294600420141,62.04
8055912,62294600420151,70.36
8055913,62294600420161,69.4
8055914,62294600420171,73.0
8055915,62294600420181,80.76
8055916,62294600420191,69.52
8055917,62294600420201,63.2
8055918,62294600420211,71.6
8055919,62294600420221,72.92
8055920,62294600420231,59.44
8055921,62294600420241,69.64
8055922,62294600420251,76.8
8055923,62294600420261,73.32
8055924,62294600420271,85.16
8055925,62294600420281,87.2
8055926,62294600420291,79.2
8055927,62294600420301,76.68
8055928,62294600420311,63.96
8055929,62294600420321,76.56
8055930,62294600420331,63.52
8055931,62294600420341,79.04
8055932,62294600420351,65.12
8055933,62294600420361,77.16
8055934,62294600420371,71.8
8055935,62294600420381,70.2
8055936,62294600420391,79.72
8055937,62294600420401,68.32
8055938,62294600420411,69.12
8055939,62294600420421,78.08
8055940,62294600420431,64.2
8055941,62294600420441,60.24
8055942,62294600420451,65.36
8055943,62294600420461,77.8
8055944,62294600420471,79.04
8055945,62294600420481,74.36
8055946,62294600420491,64.08
8055947,62294600420501,69.32
8055948,62294600420511,67.8
8055949,62294600420521,77.28
8055950,62294600420531,65.72
8055951,62294600420541,60.52
8055952,62294600420551,68.4
8055953,62294600420561,81.32
8055954,62294600420571,74.12
8055955,62294600420581,86.64
8055956,62294600420591,81.68
8055957,62294600420601,84.0
8055958,62294600420611,90.12
8055959,62294600420621,83.52
8055960,62294600420631,68.72
8055961,62294600420641,67.96
8055962,62294600420651,80.32
8055963,62294600420661,69.96
8055964,62294600420671,68.68
8055965,62294600420681,66.04
8055966,62294600420691,69.8
8055967,62294600420701,63.8
8055968,62294600420711,58.68
8055969,62294600420721,52.04
8055970,62294600420731,48.6
8055971,62294600420741,53.84
8055972,62294600420751,69.24
8055973,62294600420761,51.64
8055974,62294600420771,60.08
8055975,62294600420781,58.04
8055976,62294600420791,55.84
8055977,62294600420801,65.0
8055978,62294600420811,66.12
8055979,62294600420821,67.8
8055980,62294600420831,60.76
8055981,62294600420841,86.0
8055982,62294600420851,67.92
8055983,62294600420861,62.88
8055984,62294600420871,61.0
8055985,62294600420881,58.6
8055986,62294600420891,63.0
8055987,62294600420901,64.56
8055988,62294600420911,66.56
8055989,62294600420921,62.48
8055990,62294600420931,70.0
8055991,62294600420941,55.08
8055992,62294600420951,58.44
8055993,62294600420961,64.72
8055994,62294600420971,64.24
8055995,62294600420981,58.32
8360442,62299800010011,22.16
8360443,62299800010021,0.24
8360444,62299800010031,0.0
8360445,62299800010041,0.0
8360446,62299800010051,1.08
8360447,62299800010061,11.0
8360448,62299800010071,32.76
8360449,62299800010081,38.76
8360450,62299800010091,24.24
8360451,62299800010101,41.52
8360452,62299800010111,29.92
8360453,62299800010121,9.6
8360454,62299800010131,9.72
8360455,62299800010141,6.28
8360456,62299800010151,8.56
8360457,62299800010161,9.32
8360458,62299800010171,8.84
8360459,62299800010181,6.64
8360460,62299800010191,3.92
8360461,62299800010201,15.6
8360462,62299800010211,43.76
8360463,62299800010221,31.76
8360464,62299800010231,6.0
8360465,62299800010241,2.24
8360466,62299800010251,4.68
8360467,62299800010261,10.32
8360468,62299800010271,13.12
8360469,62299800010281,16.64
8360470,62299800010291,29.12
8360471,62299800010301,17.64
8360472,62299800010311,26.4
8360473,62299800010321,18.68
8360474,62299800010331,41.64
8360475,62299800010341,40.84
8360476,62299800010351,33.8
8360477,62299800010361,21.88
8360478,62299800010371,31.32
8360479,62299800010381,67.12
8360480,62299800010391,79.0
8360481,62299800010401,68.04
8360482,62299800010411,15.12
8360483,62299800010421,17.64
8360484,62299800010431,28.6
8360485,62299800010441,32.2
8360486,62299800010451,32.64
8360487,62299800010461,52.44
8360488,62299800010471,46.6
8360489,62299800010481,31.2
8360490,62299800010491,31.56
8360491,62299800010501,32.36
8360492,62299800010511,35.88
8360493,62299800010521,37.36
8360494,62299800010531,32.72
8360495,62299800010541,31.12
8360496,62299800010551,42.72
8360497,62299800010561,66.88
8360498,62299800010571,79.56
8360499,62299800010581,79.36
8360500,62299800010591,64.36
8360501,62299800010601,50.76
8360502,62299800010611,29.76
8360503,62299800010621,33.64
8360504,62299800010631,32.2
8360505,62299800010641,29.2
8360506,62299800010651,35.16
8360507,62299800010661,21.88
8360508,62299800010671,19.24
8360509,62299800010681,18.32
8360510,62299800010691,22.16
8360511,62299800010701,21.8
8360512,62299800010711,32.16
8360513,62299800010721,18.68
8360514,62299800010731,2.64
8360515,62299800010741,4.88
8360516,62299800010751,21.68
8360517,62299800010761,23.52
8360518,62299800010771,13.04
8360519,62299800010781,25.96
8360520,62299800010791,23.08
8360521,62299800010801,4.12
8360522,62299800010811,5.24
8360523,62299800010821,6.28
8360524,62299800010831,4.68
8360525,62299800010841,23.08
8360526,62299800010851,53.2
8360527,62299800010861,74.88
8360528,62299800010871,73.08
8360529,62299800010881,56.72
8360530,62299800010891,49.36
8360531,62299800010901,47.92
8360532,62299800010911,40.56
8360533,62299800010921,31.24
8360534,62299800010931,65.44
8360535,62299800010941,75.2
8360536,62299800010951,66.4
8360537,62299800010961,57.32
8421632,62445400120011,41.12
8421633,62445400120021,14.48
8421634,62445400120031,38.04
8421635,62445400120041,36.36
8421636,62445400120051,38.8
8421637,62445400120061,50.2
8421638,62445400120071,71.04
8421639,62445400120081,41.48
8421640,62445400120091,29.0
8421641,62445400120101,34.24
8421642,62445400120111,36.96
8421643,62445400120121,31.88
8421644,62445400120131,45.52
8421645,62445400120141,34.16
8421646,62445400120151,30.28
8421647,62445400120161,32.12
8421648,62445400120171,33.16
8421649,62445400120181,37.0
8421650,62445400120191,42.88
8421651,62445400120201,46.44
8421652,62445400120211,38.48
8421653,62445400120221,42.12
8421654,62445400120231,49.04
8421655,62445400120241,41.44
8421656,62445400120251,40.4
8421657,62445400120261,27.56
8421658,62445400120271,29.56
8421659,62445400120281,34.24
8421660,62445400120291,38.36
8421661,62445400120301,35.48
8421662,62445400120311,19.36
8421663,62445400120321,30.84
8421664,62445400120331,34.56
8421665,62445400120341,37.36
8421666,62445400120351,40.64
8421667,62445400120361,27.52
8421668,62445400120371,29.24
8421669,62445400120381,40.84
8421670,62445400120391,45.44
8421671,62445400120401,32.88
8421672,62445400120411,30.56
8421673,62445400120421,25.32
8421674,62445400120431,13.16
8421675,62445400120441,13.72
8421676,62445400120451,56.48
8421677,62445400120461,40.56
8421678,62445400120471,38.72
8421679,62445400120481,44.08
8421680,62445400120491,39.48
8421681,62445400120501,49.4
8421682,62445400120511,57.0
8421683,62445400120521,56.96
8421684,62445400120531,53.52
8467296,62493000010011,98.36
8467297,62493000010021,93.64
8467298,62493000010031,83.72
8467299,62493000010041,92.12
8467300,62493000010051,98.16
8467301,62493000010061,67.12
8467302,62493000010071,39.44
8467303,62493000010081,39.32
8467304,62493000010091,23.08
8467305,62493000010101,34.12
8467306,62493000010111,19.92
8467307,62493000010121,0.0
8467308,62493000010131,0.0
8467309,62493000010141,0.0
8467310,62493000010151,21.16
8467311,62493000010161,68.6
8467312,62493000010171,96.48
8467313,62493000010181,98.96
8467314,62493000010191,98.48
8467315,62493000010201,98.08
8467316,62493000010211,98.08
8467317,62493000010221,94.64
8467318,62493000010231,94.92
8467319,62493000010241,93.6
8467320,62493000010251,97.32
8467321,62493000010261,91.08
8467322,62493000010271,85.48
8467323,62493000010281,88.84
8467324,62493000010291,98.2
8467325,62493000010301,97.88
8467326,62493000010311,97.8
8467327,62493000010321,86.12
8467328,62493000010331,66.68
8467329,62493000010341,60.0
8467330,62493000010351,85.28
8467331,62493000010361,76.72
8467332,62493000010371,85.92
8467333,62493000010381,90.68
8467334,62493000010391,96.84
8467335,62493000010401,98.0
8467336,62493000010411,97.0
8467337,62493000010421,97.28
8467338,62493000010431,96.56
8467339,62493000010441,96.92
8467340,62493000010451,98.08
8467341,62493000010461,97.96
8467342,62493000010471,97.92
8467343,62493000010481,97.52
8467344,62493000010491,87.32
8467345,62493000010501,85.04
8467346,62493000010511,87.6
8467347,62493000010521,84.72
8467348,62493000010531,86.72
8467349,62493000010541,82.12
8467350,62493000010551,93.24
8467351,62493000010561,96.92
8467352,62493000010571,97.84
8467353,62493000010581,96.96
8467354,62493000010591,86.96
8467355,62493000010601,88.0
8467356,62493000010611,88.12
8467357,62493000010621,92.56
8467358,62493000010631,95.76
8467359,62493000010641,97.88
8467360,62493000010651,97.96
8467361,62493000010661,98.08
8467362,62493000010671,97.92
8467363,62493000010681,97.72
8467364,62493000010691,96.64
8467365,62493000010701,91.44
8467366,62493000010711,91.48
8467367,62493000010721,79.16
8467368,62493000010731,72.12
8467369,62493000010741,84.48
8467370,62493000010751,92.44
8467371,62493000010761,80.2
8467372,62493000010771,70.88
8467373,62493000010781,82.28
8467374,62493000010791,86.68
8467375,62493000010801,87.44
8467376,62493000010811,88.64
8467377,62493000010821,90.64
8467378,62493000010831,95.8
8467379,62493000010841,98.04
8467380,62493000010851,98.08
8467381,62493000010861,90.08
8467382,62493000010871,84.36
8467383,62493000010881,88.48
8467384,62493000010891,92.76
8467385,62493000010901,94.08
8467386,62493000010911,94.96
8467387,62493000010921,96.32
8467388,62493000010931,97.48
8467389,62493000010941,95.24
8467390,62493000010951,96.28
8467391,62493000010961,95.88
8713381,64218200020011,22.48
8713382,64218200020021,18.36
8713383,64218200020031,16.24
8713384,64218200020041,22.16
8713385,64218200020051,23.8
8713386,64218200020061,33.52
8713387,64218200020071,40.48
8713388,64218200020081,40.36
8713389,64218200020091,43.4
8713390,64218200020101,13.04
8713391,64218200020111,13.0
8713392,64218200020121,10.76
8713393,64218200020131,23.32
8713394,64218200020141,14.24
8713395,64218200020151,29.04
8713396,64218200020161,17.88
8713397,64218200020171,15.92
8713398,64218200020181,19.64
8713399,64218200020191,19.64
8713400,64218200020201,38.44
8713401,64218200020211,32.76
8713402,64218200020221,21.96
8713403,64218200020231,22.4
8713404,64218200020241,24.08
8713405,64218200020251,35.48
8713406,64218200020261,24.92
8713407,64218200020271,22.88
8713408,64218200020281,17.44
8713409,64218200020291,19.64
8713410,64218200020301,33.2
8713411,64218200020311,19.84
8713412,64218200020321,18.8
8713413,64218200020331,16.2
8713414,64218200020341,24.6
8713415,64218200020351,15.8
8713416,64218200020361,9.64
8713417,64218200020371,5.96
8713418,64218200020381,16.44
8713419,64218200020391,16.64
8713420,64218200020401,19.72
8713421,64218200020411,12.84
8713422,64218200020421,14.08
8713423,64218200020431,20.72
8713424,64218200020441,17.04
8713425,64218200020451,18.44
8713426,64218200020461,18.4
8713427,64218200020471,18.84
8713428,64218200020481,20.68
8713429,64218200020491,28.68
8713430,64218200020501,21.4
8713431,64218200020511,16.56
8713432,64218200020521,22.48
8713433,64218200020531,23.24
8713434,64218200020541,29.52
8713435,64218200020551,32.48
8713436,64218200020561,21.6
8713437,64218200020571,16.6
8713438,64218200020581,11.76
8713439,64218200020591,11.88
8713440,64218200020601,9.48
8713441,64218200020611,10.04
8713442,64218200020621,12.8
8713443,64218200020631,11.56
8713444,64218200020641,14.0
8713445,64218200020651,10.72
8713446,64218200020661,12.28
8713447,64218200020671,12.32
8713448,64218200020681,7.92
8713449,64218200020691,8.12
8713450,64218200020701,8.28
8713451,64218200020711,7.04
8713452,64218200020721,9.32
8713453,64218200020731,11.2
8713454,64218200020741,18.48
8713455,64218200020751,14.92
8713456,64218200020761,9.44
8713457,64218200020771,8.08
8713458,64218200020781,9.88
8713459,64218200020791,12.88
8713460,64218200020801,10.92
8713461,64218200020811,12.48
9016836,66170000030011,0.56
9016837,66170000030021,0.0
9016838,66170000030031,0.48
9016839,66170000030041,3.92
9016840,66170000030051,32.84
9016841,66170000030061,44.64
9016842,66170000030071,8.8
9016843,66170000030081,2.16
9016844,66170000030091,24.24
9016845,66170000030101,19.2
9016846,66170000030111,3.64
9016847,66170000030121,12.84
9016848,66170000030131,58.28
9016849,66170000030141,0.0
9016850,66170000030151,33.64
9016851,66170000030161,29.32
9016852,66170000030171,13.64
9016853,66170000030181,0.0
9016854,66170000030191,4.0
9016855,66170000030201,19.04
9016856,66170000030211,1.08
9016857,66170000030221,0.64
9016858,66170000030231,0.0
9016859,66170000030241,0.0
9016860,66170000030251,0.0
9016861,66170000030261,0.0
9016862,66170000030271,0.0
9016863,66170000030281,0.0
9016864,66170000030291,2.68
9016865,66170000030301,0.0
9016866,66170000030311,0.76
9016867,66170000030321,6.96
9016868,66170000030331,12.92
9016869,66170000030341,0.0
9016870,66170000030351,0.0
9016871,66170000030361,2.24
9016872,66170000030371,0.36
9016873,66170000030381,6.4
9016874,66170000030391,0.0
9016875,66170000030401,42.76
9016876,66170000030411,35.48
9016877,66170000030421,13.12
9016878,66170000030431,0.0
9016879,66170000030441,0.0
9016880,66170000030451,5.56
9016881,66170000030461,0.0
9016882,66170000030471,0.0
9016883,66170000030481,43.6
9016884,66170000030491,32.44
9016885,66170000030501,90.0
9016886,66170000030511,26.56
9016887,66170000030521,20.52
9016888,66170000030531,1.28
9016889,66170000030541,20.84
9016890,66170000030551,0.0
9016891,66170000030561,0.0
9437337,72510000410011,21.4
9437338,72510000410021,30.4
9437339,72510000410031,25.32
9437340,72510000410041,42.8
9437341,72510000410051,39.2
9437342,72510000410061,12.56
9437343,72510000410071,19.96
9437344,72510000410081,54.96
9437345,72510000410091,35.56
9437346,72510000410101,52.04
9437347,72510000410111,50.44
9437348,72510000410121,53.96
9437349,72510000410131,34.52
9437350,72510000410141,45.72
9437351,72510000410151,41.16
9437352,72510000410161,35.52
9437353,72510000410171,35.4
9437354,72510000410181,9.68
9437355,72510000410191,27.44
9437356,72510000410201,3.44
9437357,72510000410211,0.4
9437358,72510000410221,1.2
9437359,72510000410231,13.04
9437360,72510000410241,22.88
9437361,72510000410251,24.48
9437362,72510000410261,0.0
9437363,72510000410271,0.0
9437364,72510000410281,25.88
9437365,72510000410291,39.08
9437366,72510000410301,44.64
9437367,72510000410311,59.08
9437368,72510000410321,37.04
9437369,72510000410331,47.28
9437370,72510000410341,65.04
9437371,72510000410351,69.4
9437372,72510000410361,50.88
9437373,72510000410371,34.12
9437374,72510000410381,13.76
9437375,72510000410391,45.8
9437376,72510000410401,0.64
9437377,72510000410411,22.88
9437378,72510000410421,32.24
9437379,72510000410431,22.12
9437380,72510000410441,4.0
9437381,72510000410451,24.24
9437382,72510000410461,36.52
9437383,72510000410471,44.48
9437384,72510000410481,44.28
9437385,72510000410491,39.44
9437386,72510000410501,50.92
9437387,72510000410511,53.56
9437388,72510000410521,20.56
9437389,72510000410531,27.24
9437390,72510000410541,15.16
9437391,72510000410551,26.92
9437392,72510000410561,9.52
9437393,72510000410571,2.16
9437394,72510000410581,8.12
9437395,72510000410591,21.16
9437396,72510000410601,32.0
9437397,72510000410611,12.16
9437398,72510000410621,21.32
9437399,72510000410631,14.0
9437400,72510000410641,9.92
9437401,72510000410651,31.84
9437402,72510000410661,24.0
9437403,72510000410671,12.04
9563126,73140400400011,2.68
9563127,73140400400021,1.28
9563128,73140400400031,0.0
9563129,73140400400041,5.68
9563130,73140400400051,0.72
9563131,73140400400061,1.4
9563132,73140400400071,10.8
9563133,73140400400081,5.76
9563134,73140400400091,19.12
9563135,73140400400101,14.4
9563136,73140400400111,27.44
9563137,73140400400121,19.2
9563138,73140400400131,7.36
9563139,73140400400141,2.96
9563140,73140400400151,3.28
9563141,73140400400161,8.44
9563142,73140400400171,6.24
9563143,73140400400181,2.76
9563144,73140400400191,10.96
9563145,73140400400201,2.32
9563146,73140400400211,1.56
9563147,73140400400221,6.48
9563148,73140400400231,14.16
9563149,73140400400241,4.76
9563150,73140400400251,3.92
9563151,73140400400261,1.48
9563152,73140400400271,3.96
9563153,73140400400281,3.2
9563154,73140400400291,1.8
9563155,73140400400301,12.4
9563156,73140400400311,7.92
9563157,73140400400321,6.2
9563158,73140400400331,5.36
9563159,73140400400341,4.12
9563160,73140400400351,0.0
9563161,73140400400361,4.08
9563162,73140400400371,0.08
9563163,73140400400381,0.76
9563164,73140400400391,5.68
9563165,73140400400401,5.44
9563166,73140400400411,4.84
9563167,73140400400421,4.68
9563168,73140400400431,0.72
9563169,73140400400441,2.08
9563170,73140400400451,0.96
9563171,73140400400461,4.36
9563172,73140400400471,1.44
9563173,73140400400481,20.28
9563174,73140400400491,3.88
9563175,73140400400501,0.32
9563176,73140400400511,8.12
9563177,73140400400521,12.6
9563178,73140400400531,22.44
10041911,75374000240011,3.16
10041912,75374000240021,13.64
10041913,75374000240031,12.16
10041914,75374000240041,14.72
10041915,75374000240051,7.96
10041916,75374000240061,9.72
10041917,75374000240071,14.4
10041918,75374000240081,13.2
10041919,75374000240091,12.2
10041920,75374000240101,12.12
10041921,75374000240111,14.24
10041922,75374000240121,10.6
10041923,75374000240131,12.04
10041924,75374000240141,12.32
10041925,75374000240151,5.96
10041926,75374000240161,25.96
10041927,75374000240171,37.08
10041928,75374000240181,17.12
10041929,75374000240191,13.48
10041930,75374000240201,8.72
10041931,75374000240211,7.84
10041932,75374000240221,5.96
10041933,75374000240231,7.52
10041934,75374000240241,14.04
10041935,75374000240251,14.12
10041936,75374000240261,9.8
10041937,75374000240271,15.24
10041938,75374000240281,13.08
10041939,75374000240291,7.28
10041940,75374000240301,2.96
10041941,75374000240311,6.16
10041942,75374000240321,12.16
10041943,75374000240331,9.72
10041944,75374000240341,12.48
10041945,75374000240351,4.6
10041946,75374000240361,7.16
10041947,75374000240371,9.72
10041948,75374000240381,18.44
10041949,75374000240391,18.96
10041950,75374000240401,17.56
10041951,75374000240411,11.72
10041952,75374000240421,5.08
10041953,75374000240431,13.4
10041954,75374000240441,9.84
10041955,75374000240451,27.2
10041956,75374000240461,30.64
10041957,75374000240471,23.0
10041958,75374000240481,14.52
10041959,75374000240491,14.48
10041960,75374000240501,19.6
10041961,75374000240511,15.36
10041962,75374000240521,7.52
10041963,75374000240531,9.52
10041964,75374000240541,10.92
10041965,75374000240551,13.96
10041966,75374000240561,15.6
10041967,75374000240571,14.24
10041968,75374000240581,10.2
10041969,75374000240591,10.88
10041970,75374000240601,8.84
10041971,75374000240611,8.24
10041972,75374000240621,14.64
10041973,75374000240631,21.8
10041974,75374000240641,14.28
10159598,78240000040011,24.92
10159599,78240000040021,21.48
10159600,78240000040031,28.56
10159601,78240000040041,39.68
10159602,78240000040051,27.6
10159603,78240000040061,20.2
10159604,78240000040071,14.96
10159605,78240000040081,23.64
10159606,78240000040091,20.8
10159607,78240000040101,29.76
10159608,78240000040111,34.64
10159609,78240000040121,25.36
10159610,78240000040131,24.48
10159611,78240000040141,20.36
10159612,78240000040151,13.0
10159613,78240000040161,19.76
10159614,78240000040171,32.48
10159615,78240000040181,30.8
10159616,78240000040191,33.84
10159617,78240000040201,20.24
10159618,78240000040211,32.88
10159619,78240000040221,7.32
10159620,78240000040231,19.8
10159621,78240000040241,42.56
10159622,78240000040251,55.48
10159623,78240000040261,27.0
10159624,78240000040271,17.6
10159625,78240000040281,33.48
10159626,78240000040291,26.28
10159627,78240000040301,30.88
10159628,78240000040311,30.84
10159629,78240000040321,33.16
10159630,78240000040331,2.8
10159631,78240000040341,57.28
10159632,78240000040351,16.4
10159633,78240000040361,18.72
10159634,78240000040371,21.04
10159635,78240000040381,18.16
10159636,78240000040391,33.24
10159637,78240000040401,29.6
10159638,78240000040411,30.76
10159639,78240000040421,37.08
10159640,78240000040431,49.76
10159641,78240000040441,4.28
10159642,78240000040451,7.04
10159643,78240000040461,18.48
10159644,78240000040471,35.76
10159645,78240000040481,28.96
10159646,78240000040491,17.68
10159647,78240000040501,14.4
10159648,78240000040511,27.0
10159649,78240000040521,15.52
10159650,78240000040531,29.36
10201325,78299900080011,22.0
10201326,78299900080021,25.6
10201327,78299900080031,66.56
10201328,78299900080041,27.56
10201329,78299900080051,35.64
10201330,78299900080061,44.12
10201331,78299900080071,36.92
10201332,78299900080081,61.56
10201333,78299900080091,30.76
10201334,78299900080101,23.64
10201335,78299900080111,46.68
10201336,78299900080121,27.48
10201337,78299900080131,17.36
10201338,78299900080141,44.4
10201339,78299900080151,49.8
10201340,78299900080161,38.88
10201341,78299900080171,55.6
10201342,78299900080181,63.4
10201343,78299900080191,11.48
10201344,78299900080201,0.64
10201345,78299900080211,0.32
10201346,78299900080221,7.8
10201347,78299900080231,21.68
10201348,78299900080241,80.6
10201349,78299900080251,58.48
10201350,78299900080261,65.12
10201351,78299900080271,74.96
10201352,78299900080281,37.6
10201353,78299900080291,52.52
10201354,78299900080301,66.6
10201355,78299900080311,52.08
10201356,78299900080321,31.88
10201357,78299900080331,43.44
10201358,78299900080341,72.88
10201359,78299900080351,59.28
10201360,78299900080361,44.64
10201361,78299900080371,64.56
10201362,78299900080381,51.2
10201363,78299900080391,51.16
10201364,78299900080401,66.96
10201365,78299900080411,44.8
10201366,78299900080421,43.08
10201367,78299900080431,33.44
10201368,78299900080441,43.4
10201369,78299900080451,34.0
10201370,78299900080461,42.04
10201371,78299900080471,39.0
10201372,78299900080481,43.96
10201373,78299900080491,39.48
10201374,78299900080501,40.92
10201375,78299900080511,67.88
10201376,78299900080521,45.8
10201377,78299900080531,60.24
10201378,78299900080541,67.28
10201379,78299900080551,72.76
10201380,78299900080561,62.0
10201381,78299900080571,45.24
10201382,78299900080581,41.88
10201383,78299900080591,58.16
10201384,78299900080601,36.88
10201385,78299900080611,37.96
10201386,78299900080621,43.32
10201387,78299900080631,38.92
10201388,78299900080641,29.52
10201389,78299900080651,45.92
10201390,78299900080661,30.04
10201391,78299900080671,22.0
10201392,78299900080681,15.56
10201393,78299900080691,34.8
10201394,78299900080701,33.92
10201395,78299900080711,51.32
10201396,78299900080721,46.88
10201397,78299900080731,47.76
10201398,78299900080741,42.04
10201399,78299900080751,43.36
10201400,78299900080761,38.68
10201401,78299900080771,40.36
10201402,78299900080781,41.04
10201403,78299900080791,40.16
10201404,78299900080801,45.12
10201405,78299900080811,59.16
10201406,78299900080821,54.32
10201407,78299900080831,53.04
10201408,78299900080841,47.2
10201409,78299900080851,42.44
10201410,78299900080861,46.92
10201411,78299900080871,56.76
10201412,78299900080881,47.36
10201413,78299900080891,53.84
10201414,78299900080901,33.44
10201415,78299900080911,48.0
10201416,78299900080921,60.52
10201417,78299900080931,43.88
10201418,78299900080941,35.12
10201419,78299900080951,96.0
10201420,78299900080961,94.36
10201421,78299900080971,14.96
